Months.Since.1Jan1840,Year.Month.Day,1to10g.gm-2,10to100g.gm-2,100gto1kg.gm-2,1to10kg.gm-2,10to100kg.gm-2,GT100kg.gm-2
1451,1961-01-01,7.308369712285482e-8,1.8607037504347868e-6,4.847211039425988e-5,0.0011659352035005967,0.003261765152092838,2.2411291257981266e-4
1452,1961-02-01,7.308369712283241e-8,1.8607037503330153e-6,4.8472110378945654e-5,0.0011659352431049163,0.0032617652081256368,2.2411295321995905e-4
1453,1961-03-01,6.981951803164487e-8,1.7854090196744965e-6,4.817299814431233e-5,0.001176458995240593,0.0031573456240741094,2.2804322964042187e-4
1454,1961-04-01,6.77540635036362e-8,1.7183634145226788e-6,4.638509874152682e-5,0.0011866442044441091,0.0031332203464085446,2.3565970203179992e-4
1455,1961-05-01,6.746375148395798e-8,1.7056090011771296e-6,4.492636003314242e-5,0.0011957966658832973,0.003205908342575862,2.4307865632018622e-4
1456,1961-06-01,6.708534856390088e-8,1.6929672441867762e-6,4.4003011189145644e-5,0.0011772300461049903,0.0034384584782727284,2.4789470523015495e-4
1457,1961-07-01,6.759360504753082e-8,1.7071762759323638e-6,4.4176059883273e-5,0.0011684919807324267,0.00352965753497911,2.4987860370712025e-4
1458,1961-08-01,6.804688389308363e-8,1.7206566279757631e-06,4.458983550754753e-5,0.0011628320136066476,0.0035452726644519374,2.4970736728941205e-4
1459,1961-09-01,6.850857891876281e-8,1.7326727607332949e-6,4.494678782316839e-5,0.0011593613446747237,0.003534177411681155,2.482166806058493e-4
1460,1961-10-01,6.968476497792011e-8,1.7595031502387232e-6,4.528037573461619e-5,0.001154854906596865,0.0035078735988891673,2.4535263343803033e-4
1461,1961-11-01,7.13718083999067e-8,1.7991100064603475e-6,4.5853663049024115e-5,0.0011481593839940192,0.003474617211726798,2.4105739745659306e-4
1462,1961-12-01,7.322395805277704e-8,1.8469782415529584e-6,4.677657415398163e-5,0.0011402378068743094,0.0034307450564200984,2.3534068086454097e-4
1463,1962-01-01,7.352110759547172e-8,1.8641212311702048e-6,4.788906515607177e-5,0.0011387832708544645,0.003381025102883724,2.3012231215492152e-4
1464,1962-02-01,7.22581330946187e-8,1.8422295782495487e-6,4.899934538179339e-5,0.0012121238779623127,0.0035383388809636517,2.449156583905218e-4
1465,1962-03-01,6.975398846402708e-8,1.7785490174649068e-6,4.835313787265372e-5,0.0012715959790446222,0.0036057235020284595,2.648795946863333e-4
1466,1962-04-01,6.789752973400122e-8,1.7232879299345715e-6,4.674222127609895e-5,0.001319684135949112,0.0037077904565016324,2.8940991853052434e-4
1467,1962-05-01,6.762237921774211e-8,1.7096245010257773e-6,4.558298864355087e-5,0.0013620551815997767,0.0038770357221556712,3.1541215566169143e-4
1468,1962-06-01,6.713703436908086e-8,1.6934993964509814e-6,4.4369859034439057e-5,0.0013722498305303189,0.004210769754962193,3.376203297783883e-4
1469,1962-07-01,6.803206058434191e-8,1.7180370719167253e-6,4.458812375087019e-5,0.0013811025270891166,0.004393551755315272,3.538718600854379e-4
1470,1962-08-01,6.852856189767968e-8,1.7334987982907179e-6,4.517684385320966e-5,0.0013887593055146737,0.004482512441932967,3.65235588767034e-4
1471,1962-09-01,6.887439610672154e-8,1.742459360328033e-6,4.558884536616779e-5,0.001395914742348625,0.004527799954324382,3.7307033763354626e-4
1472,1962-10-01,7.013110179018702e-8,1.7716126577150182e-6,4.590774941377765e-5,0.0013980918614797091,0.004538886660875218,3.7692988460632506e-4
1473,1962-11-01,7.168329895201734e-8,1.8084129073665032e-6,4.649527449555497e-5,0.0013959588412274326,0.004533101205934956,3.773907589775471e-4
1474,1962-12-01,7.322634791257821e-8,1.8475498124611467e-6,4.733388339850368e-5,0.0013915566833406468,0.004512444817915146,3.7523366655648307e-4
1475,1963-01-01,7.310703349131407e-8,1.8555061623053606e-6,4.829238308584988e-5,0.0013928619829409003,0.004478411717715856,3.7287698069615445e-4
1476,1963-02-01,7.221254522129963e-8,1.8414054286126797e-6,4.875596872531005e-5,0.0013763548883734553,0.004257529097126503,3.616179603696454e-4
1477,1963-03-01,6.952659949381276e-8,1.774989130215864e-6,4.8068995841385314e-5,0.0013674807975876803,0.004036722458749418,3.555343079475821e-4
1478,1963-04-01,6.756144578016935e-8,1.712463169006424e-6,4.638015870186059e-5,0.001373006870046757,0.004015149850307749,3.5536579913572993e-4
1479,1963-05-01,6.69218552679449e-8,1.6911105581374832e-6,4.465060860986817e-5,0.0013546038603238874,0.004146500057399029,3.55572313847572e-4
1480,1963-06-01,6.745968442970748e-8,1.7027624664534435e-6,4.431371768740847e-5,0.0013379126872315157,0.004231170988489199,3.53938795225784e-4
1481,1963-07-01,6.824659645173411e-8,1.72439421156789e-6,4.46713584539305e-5,0.0013240043935853728,0.004242343625156573,3.500144953955477e-4
1482,1963-08-01,6.880173230885998e-8,1.740219576890236e-6,4.5207296403350854e-5,0.0013141569532237555,0.0042183550631832885,3.4483292386605266e-4
1483,1963-09-01,6.923512470920722e-8,1.7518570223421506e-6,4.562211022745201e-5,0.0013076476277974838,0.004184944649104641,3.39266559052364e-4
1484,1963-10-01,7.049752281986188e-8,1.7809687602966925e-6,4.5988188014914775e-5,0.0013003068794692689,0.0041395247374167304,3.3264809054210534e-4
1485,1963-11-01,7.247852475616581e-8,1.828190797675383e-6,4.663316818264514e-5,0.0012901684117752076,0.004087786134739693,3.245047351018338e-4
1486,1963-12-01,7.43287476227224e-8,1.8758794013367308e-6,4.764798905624048e-5,0.0012796911797655105,0.004036078431471231,3.154224960338408e-4
1487,1964-01-01,7.494137901410284e-8,1.9017834509065879e-6,4.882305470033063e-5,0.001273805902675122,0.003985857030946881,3.0682460056328544e-4
1488,1964-02-01,7.26840437254742e-8,1.859368897751737e-6,4.9512189347631205e-5,0.0012781196271683217,0.003933107532290156,3.009244282347034e-4
1489,1964-03-01,6.999787679044392e-8,1.7877321906015128e-6,4.8745205757263605e-5,0.0012949068306762918,0.0039013876658703255,3.0125512566666447e-4
1490,1964-04-01,6.794114339764671e-8,1.724829466169432e-6,4.6839862756127374e-5,0.0013102786786144682,0.003926404662148747,3.0718915195540787e-4
1491,1964-05-01,6.732396573342465e-8,1.7029975277123243e-6,4.516203852883573e-5,0.00131024426123667,0.004012240319237304,3.13929812751219e-4
1492,1964-06-01,6.73153744162949e-8,1.7006129704416537e-6,4.451471285425611e-5,0.0013017416765139078,0.0041295425303146905,3.189773239355767e-4
1493,1964-07-01,6.768726028084678e-8,1.7112757445653694e-6,4.458747501391186e-5,0.0012951722839192744,0.00417086746086489,3.2139568654790277e-4
1494,1964-08-01,6.795332704667238e-8,1.7189867027845452e-6,4.486846378849603e-5,0.0012913729011875498,0.004162723787131861,3.218903315044089e-4
1495,1964-09-01,6.867314180677872e-8,1.7361331250085313e-6,4.512715693840566e-5,0.0012872752900136382,0.004131798004888878,3.2050313134032634e-4
1496,1964-10-01,6.973283712008205e-8,1.7614413080356888e-6,4.5516945225639576e-5,0.0012819459324120638,0.004092308141397155,3.1742283913516813e-4
1497,1964-11-01,7.075758692217418e-8,1.7854434025205487e-6,4.6029017818214083e-5,0.0012766144855791085,0.004056984161275362,3.134544254995678e-4
1498,1964-12-01,7.202584551916777e-8,1.816744914785731e-6,4.663748297644443e-5,0.0012706193046191567,0.004014214504593995,3.086247009339855e-4
1499,1965-01-01,7.247977122133623e-8,1.834823620460055e-6,4.7413460446064945e-5,0.0012673481912527868,0.003964158235877404,3.0387742823665445e-4
1500,1965-02-01,7.186155531779222e-8,1.8283274615676865e-6,4.804165593072215e-5,0.0012736742984858415,0.0038900959585654506,3.0074868206827847e-4
1501,1965-03-01,6.913908893883882e-8,1.7642611161486754e-6,4.771999563377941e-5,0.0012858338816643103,0.003739258275583883,3.0217403601936934e-4
1502,1965-04-01,6.682506013035559e-8,1.6977317666343128e-6,4.617188182655612e-5,0.0013009701150721305,0.0036700814859186776,3.0857075924352773e-4
1503,1965-05-01,6.69326489494049e-8,1.6901824311420468e-6,4.4689537692254706e-5,0.0013104924556190673,0.003738053817562866,3.1569831552919684e-4
1504,1965-06-01,6.74042960063762e-8,1.701092919151088e-6,4.412644017211231e-5,0.0012972178545974204,0.003905625943439572,3.1996020413025403e-4
1505,1965-07-01,6.781488656857779e-8,1.7137064068970527e-6,4.451428271264488e-5,0.0012897296319647595,0.003998970640944214,3.217087805654673e-4
1506,1965-08-01,6.824651054750865e-8,1.7254673451852618e-6,4.492365827501229e-5,0.00128537048561259,0.004033189215737902,3.2151558959143397e-4
1507,1965-09-01,6.907297464258713e-8,1.745924134824765e-6,4.5289416046853144e-5,0.0012811699713549513,0.004031419944890561,3.1943535470477317e-4
1508,1965-10-01,7.102084919449966e-8,1.7923268398556126e-6,4.5851379057621465e-5,0.0012732308314033517,0.003999954867665643,3.1453184746752086e-4
1509,1965-11-01,7.27192691268639e-8,1.8363549403467888e-6,4.6806621619319006e-5,0.001264860029603769,0.003962419640022521,3.0781029318223434e-4
1510,1965-12-01,7.474667602015266e-8,1.8860100660805699e-6,4.78700706090923e-5,0.0012559853067837207,0.003917817090443733,2.9980095732908094e-4
1511,1966-01-01,7.493386329742072e-8,1.9062737665994065e-6,4.9096564730738015e-5,0.0012536175338841173,0.0038662725227288234,2.923370094161993e-4
1512,1966-02-01,7.246735717922434e-8,1.8556096847865699e-6,4.927455367577426e-5,0.0011998839890396194,0.0035561183326900322,2.6797703562378937e-4
1513,1966-03-01,6.919487571241394e-8,1.769270697831654e-6,4.8109270199252664e-5,0.0011698287395145634,0.0032473063846332273,2.517301365356813e-4
1514,1966-04-01,7.02854268506865e-8,1.7749890578273896e-6,4.6404472039338835e-5,0.0011529545850690252,0.0030896418471605376,2.4224414540586418e-4
1515,1966-05-01,6.683879869054606e-8,1.6891812573920978e-6,4.4389276345845795e-5,0.0011379478284357211,0.003151544326105584,2.35329702629802e-4
1516,1966-06-01,6.7763551366088e-8,1.7102394168829054e-6,4.391483358414298e-5,0.001105025520802157,0.003238238340727305,2.2768631083078716e-4
1517,1966-07-01,6.836785231045947e-8,1.7288359242203446e-6,4.44190004573786e-5,0.0010850204611833555,0.0032305968831728613,2.19868931973821e-4
1518,1966-08-01,6.885255147529375e-8,1.7423387389353738e-6,4.4948049187752244e-5,0.0010726832081492704,0.003190987315907717,2.1257248515763212e-4
1519,1966-09-01,6.940372283995357e-8,1.7567202469098978e-6,4.532873873914567e-5,0.0010647888284139322,0.0031464963494442573,2.0598134894483485e-4
1520,1966-10-01,7.03943443515104e-8,1.7803469484092865e-6,4.5697837539611415e-5,0.001058169789772529,0.0031033483564913453,1.9979485120062297e-4
1521,1966-11-01,7.121161069873756e-8,1.7992818000255058e-6,4.6140115728564876e-5,0.0010536147807551214,0.003072417276604576,1.9441036553091522e-4
1522,1966-12-01,7.29695519339174e-8,1.8388837974490959e-6,4.6644238796634176e-5,0.0010472392944598328,0.00303568476883673,1.8892648474101126e-4
1523,1967-01-01,7.4234294605808e-8,1.88023030054214e-6,4.762513387697938e-5,0.0010418402816081988,0.002980819087502939,1.8301942833898004e-4
1524,1967-02-01,7.19391361737228e-8,1.8376447516152926e-6,4.8810431894609915e-5,0.0010866234924719132,0.0030227767860310168,1.8836408751516973e-4
1525,1967-03-01,7.328302527110193e-8,1.770720889643849e-6,4.789196006205478e-5,0.0011208457872114597,0.0030037142582587787,1.9800767507573776e-4
1526,1967-04-01,7.16214305721903e-8,1.7237226114351357e-6,4.6242044702850764e-5,0.0011445978036215855,0.003021392410464238,2.104255237361311e-4
1527,1967-05-01,6.7317308821754e-8,1.703604799702495e-6,4.496046178799999e-5,0.0011634693299413497,0.0032672505870259263,2.2254354053405167e-4
1528,1967-06-01,6.765893761598798e-8,1.7094153897247285e-6,4.4466836913844844e-5,0.0011592434742228764,0.003473696281046085,2.318092734773905e-4
1529,1967-07-01,6.883947876790015e-8,1.739100597857536e-6,4.4735341628721234e-5,0.0011565089870461294,0.0035366870045515733,2.3683889708867647e-4
1530,1967-08-01,7.006338650119709e-8,1.7730360030057226e-6,4.547253580141756e-5,0.0011527692957389035,0.0035340763774973113,2.3803369982059976e-4
1531,1967-09-01,7.057568282559133e-8,1.789914335171343e-6,4.625988838636228e-5,0.0011519307577509132,0.003514030506824498,2.373388943653082e-4
1532,1967-10-01,7.147115091804866e-8,1.8104644825668046e-6,4.674537222334331e-5,0.001151745597162355,0.0034877316311149003,2.3547596317542957e-4
1533,1967-11-01,7.287313347434327e-8,1.842661315282123e-6,4.719296686981655e-5,0.001149479337339696,0.0034627546510343954,2.3246661654240905e-4
1534,1967-12-01,7.439393142336472e-8,1.8792928776189298e-6,4.7860225739192434e-5,0.0011456867593365484,0.003436565378098111,2.2867177342659721e-4
1535,1968-01-01,7.556569577808185e-8,1.9157179586520805e-6,4.8815465748462623e-5,0.0011425471471877674,0.0033917182260541903,2.2418676976516383e-4
1536,1968-02-01,7.416894456462641e-8,1.8977496823455393e-6,5.021918351104221e-5,0.00121209970015118,0.00356666116794639,2.383454916168426e-4
1537,1968-03-01,7.140291024184847e-8,1.8294773521197898e-6,5.00565981237517e-5,0.0012800699842900264,0.003723746124906725,2.5831353799159033e-4
1538,1968-04-01,7.02838435891689e-8,1.789024358845732e-6,4.845374116801009e-5,0.001338235512508806,0.0038653990078144247,2.8471258031551765e-4
1539,1968-05-01,6.719838476184084e-8,1.6982251978193912e-6,4.5533633472149064e-5,0.0013658210624163257,0.0042690218771715485,3.126034119748047e-4
1540,1968-06-01,6.818575539992208e-8,1.7217979574132632e-6,4.482890554533504e-5,0.0013790311878789617,0.004518207563196668,3.3531475358375445e-4
1541,1968-07-01,6.917265061068948e-8,1.7486372612975155e-6,4.531103525178187e-5,0.0013885509491907253,0.004617531631567086,3.5170520799058055e-4
1542,1968-08-01,6.974206822478853e-8,1.7664972914338526e-6,4.59917526094551e-5,0.001396967094712622,0.004648004886797547,3.628626084935695e-4
1543,1968-09-01,7.049416198240571e-8,1.785181631386754e-6,4.6492977479087155e-5,0.00140325023492771,0.004644944271853806,3.697979916939524e-4
1544,1968-10-01,7.185253062991482e-8,1.8172106205654793e-6,4.697302028880294e-5,0.001405215430543859,0.004619783934427903,3.727828983021544e-4
1545,1968-11-01,7.355320219059544e-8,1.858040168173199e-6,4.764335554537108e-5,0.0014027649851319345,0.004590522439239914,3.7236383348536944e-4
1546,1968-12-01,7.479417888822302e-8,1.8917140424405371e-6,4.852904986540275e-5,0.0013991646809351263,0.004561798082178775,3.6989784334382804e-4
1547,1969-01-01,7.495523956526754e-8,1.9025873602652032e-6,4.9381187117052654e-5,0.0013990309409691666,0.00453263876130356,3.67453166566244e-4
1548,1969-02-01,7.427046560071098e-8,1.8989809974172054e-6,5.006005083854064e-5,0.0014102386386781842,0.00448750202374652,3.6722435782649584e-4
1549,1969-03-01,7.0672307859427e-8,1.8092456639132312e-6,4.9709858431170204e-5,0.001437050548798104,0.004490373743967005,3.7413042579429655e-4
1550,1969-04-01,6.968551809666745e-8,1.7719789307717933e-6,4.809671024378365e-5,0.0014602298282111138,0.004486656337205912,3.857390110766748e-4
1551,1969-05-01,6.769854297896036e-8,1.7141898607756839e-6,4.588763953505859e-5,0.001467079524226116,0.004668717131031842,3.988093703422405e-4
1552,1969-06-01,6.823854944575802e-8,1.7236398558543987e-6,4.510989751873719e-5,0.0014607433823508162,0.004838874402042104,4.086226560858241e-4
1553,1969-07-01,6.89236083015297e-8,1.742690553075132e-6,4.535017305190526e-5,0.0014566376769943358,0.004890265997814961,4.143652346631061e-4
1554,1969-08-01,6.920995208198988e-8,1.7529876624188583e-6,4.583409718846234e-5,0.001454626546925837,0.004887900657105618,4.1709994069931514e-4
1555,1969-09-01,6.967303762171511e-8,1.7635182678560587e-6,4.613227905059139e-5,0.001453484499212831,0.004863861248435816,4.1767643989168326e-4
1556,1969-10-01,7.063700637818268e-8,1.7861105073381894e-6,4.6414793826991323e-5,0.001450197500696614,0.004827645618367573,4.159396224351933e-4
1557,1969-11-01,7.246833823392331e-8,1.8273324555064666e-6,4.691415022607957e-5,0.0014425054958855069,0.004781678615590895,4.115517845138114e-4
1558,1969-12-01,7.399688259097345e-8,1.8671668596250047e-6,4.7781824205424724e-5,0.0014337390536515778,0.004731188083107438,4.054818389959801e-4
1559,1970-01-01,7.43417946936628e-8,1.88928518052836e-6,4.8897054417543784e-5,0.0014301611348162238,0.004656928050040733,3.9898737759047696e-4
1560,1970-02-01,7.28552031532208e-8,1.8634021765903984e-6,4.999304515831799e-5,0.001496888559511463,0.004764611018154013,4.157974156151706e-4
1561,1970-03-01,7.019564965397192e-8,1.7960030332527306e-6,4.927069061509045e-5,0.0015551554860690354,0.004801416359829084,4.38834947791475e-4
1562,1970-04-01,6.73515757367719e-8,1.7132669679629438e-6,4.732922787330856e-5,0.0016111129398367486,0.004900913767944259,4.7030298542662655e-4
1563,1970-05-01,6.716380905478551e-8,1.6956467214384815e-6,4.5386778982946204e-5,0.0016545836415261788,0.005124852567313657,5.032651463044971e-4
1564,1970-06-01,6.721765626046588e-8,1.696129387742594e-6,4.453536556258717e-5,0.001667218059313403,0.0054597627145299334,5.316095455211292e-4
1565,1970-07-01,6.739519795857162e-8,1.701589366995853e-6,4.4731197356033475e-5,0.0016833738134767982,0.005672303293080519,5.550305413637184e-4
1566,1970-08-01,6.753748132595648e-8,1.7073904072328976e-6,4.498649840253519e-5,0.0016977936700693036,0.00579285427587774,5.734208810313935e-4
1567,1970-09-01,6.778650739133008e-8,1.713393392893043e-6,4.515211504843182e-5,0.0017093718517571155,0.005862711008848717,5.874997592428878e-4
1568,1970-10-01,6.860637763204798e-8,1.7309313840496293e-6,4.530541500032133e-5,0.00171599184729482,0.005899049182583551,5.972812201041457e-4
1569,1970-11-01,7.000538449006622e-8,1.7627045995416466e-6,4.567811700688296e-5,0.0017161980440587462,0.005911214998451203,6.025790885786049e-4
1570,1970-12-01,7.154885970142502e-8,1.7999991808547997e-6,4.6372269395440406e-5,0.0017118520142951617,0.005900350792729517,6.039671730468264e-4
1571,1971-01-01,7.276502426058972e-8,1.8345608397138083e-6,4.7328409131921895e-5,0.0017072098051445863,0.0058534613978827406,6.024566380896552e-4
1572,1971-02-01,7.401217042531636e-8,1.8810653140993487e-6,4.884836511040969e-5,0.0016821938216342249,0.005549323553998536,5.877083786161192e-4
1573,1971-03-01,7.16315389822592e-8,1.8261079862446214e-6,4.894758997422864e-5,0.0016732002267520589,0.005289115723991038,5.781793782554654e-4
1574,1971-04-01,6.924094875842605e-8,1.758230871512285e-6,4.762675880496634e-5,0.0016757898621631941,0.0051299153755914,5.759451930580259e-4
1575,1971-05-01,6.856149897752861e-8,1.7317178101791071e-6,4.592381931534838e-5,0.0016690090586763931,0.005061359293527831,5.765381232684542e-4
1576,1971-06-01,6.779068135750048e-8,1.7107342545378896e-6,4.473671394620042e-5,0.0016547901464547014,0.005229288955027728,5.748201388048612e-4
1577,1971-07-01,6.809540484372703e-8,1.720709813341426e-6,4.499896918305584e-5,0.0016395639255292914,0.005354758532409708,5.710545352742535e-4
1578,1971-08-01,6.842025329325098e-8,1.7303907900522404e-6,4.5368432813612874e-5,0.0016297555133697333,0.005407419375148982,5.657900548516165e-4
1579,1971-09-01,6.888830890323767e-8,1.742658370017835e-6,4.567084742019606e-5,0.001622080610659585,0.005420342131712521,5.594118006412005e-4
1580,1971-10-01,6.986679026588494e-8,1.7648336244498306e-6,4.5980180050083435e-5,0.001614033697373084,0.005410730318361507,5.518597465945826e-4
1581,1971-11-01,7.116218069222863e-8,1.7946411037142845e-6,4.64406481239168e-5,0.001604649303859082,0.005390992397163514,5.433327210357519e-4
1582,1971-12-01,7.286248657707317e-8,1.8351334145280311e-6,4.7138516503342187e-5,0.0015932015939942412,0.005353272739324532,5.335794199049857e-4
1583,1972-01-01,7.40585739475728e-8,1.8734045513546612e-6,4.821192981875811e-5,0.0015839484424401357,0.005277240872184757,5.228642301450503e-4
1584,1972-02-01,7.554955584094307e-8,1.9231615087645605e-6,5.033509594560151e-5,0.0017251558617547207,0.005633764897308614,5.74109071543749e-4
1585,1972-03-01,7.296986184829027e-8,1.8554613619427305e-6,4.989348475567983e-5,0.0018606378714977737,0.0060043669604811535,6.377441628299354e-4
1586,1972-04-01,7.089314954900588e-8,1.7960600397403799e-6,4.817690249631132e-5,0.0019814724320447482,0.00642182604931446,7.13179570908892e-4
1587,1972-05-01,6.79931516824236e-8,1.717528956468556e-6,4.6287558871794254e-5,0.002096740111650487,0.007000027608368106,7.945397142118638e-4
1588,1972-06-01,6.846303026069244e-8,1.7278855955097435e-6,4.562484834916038e-5,0.0021689844543105884,0.007637937003463074,8.72642803938478e-4
1589,1972-07-01,6.918980914376249e-8,1.7475087779042341e-6,4.5946037328061476e-5,0.0022399808521995144,0.008091153888137022,9.443490143330474e-4
1590,1972-08-01,6.976350045381445e-8,1.7638858157581094e-6,4.644640826982442e-5,0.002302002313497266,0.008424109940207897,0.0010087773203811972
1591,1972-09-01,7.015154034352098e-8,1.7751292715528717e-6,4.685591828233026e-5,0.0023556498367792783,0.008679795345403784,0.0010660829777848755
1592,1972-10-01,7.169670373181274e-8,1.8089096635804543e-6,4.717953245789778e-5,0.0023958356765708317,0.008867500426318679,0.0011140850963245912
1593,1972-11-01,7.432226087048942e-8,1.8722334487346582e-6,4.791805311111038e-5,0.0024183724214469795,0.008990237900691065,0.0011498296105721302
1594,1972-12-01,7.587078337196568e-8,1.9163749958743934e-6,4.916962376841134e-5,0.002432930839860677,0.009080137190758739,0.0011775815026769385
1595,1973-01-01,7.594400790715813e-8,1.9286777485822653e-6,5.0358204175185807e-5,0.0024487036833229555,0.009142124151684484,0.0012019078016999893
1596,1973-02-01,7.340642518156484e-8,1.8815262071727932e-6,5.109221340675167e-5,0.0024998592749587967,0.009222862324085248,0.0012405672375993989
1597,1973-03-01,6.972821947208088e-8,1.7830096540565818e-6,4.988277039304732e-5,0.002558892570271067,0.00922489124736339,0.001290726493891747
1598,1973-04-01,6.685033228054973e-8,1.6951956675784284e-6,4.727217913667556e-5,0.0026224938477432693,0.009303152361528014,0.0013535686558279183
1599,1973-05-01,6.808256135110123e-8,1.7151458326802531e-6,4.568922284248866e-5,0.0026739243943427445,0.009445723977241196,0.0014156216970939257
1600,1973-06-01,6.661471115297586e-8,1.6790646264805806e-6,4.445470505637616e-5,0.002699549458429344,0.009857970661460883,0.0014709060317633451
1601,1973-07-01,6.708852080130331e-8,1.6908409066636615e-6,4.455128980346239e-5,0.002724389454413687,0.01013388549926796,0.001517299050666021
1602,1973-08-01,6.706231083403551e-8,1.6926163308253108e-6,4.4838881073892474e-5,0.002748400611905892,0.010302035981908186,0.0015566766747899918
1603,1973-09-01,6.7365806845298e-8,1.6990975294467173e-6,4.4953317768145904e-5,0.0027678814868551975,0.010411323649740905,0.0015892879080096139
1604,1973-10-01,6.823551757752427e-8,1.7184539702622721e-6,4.51045060163793e-5,0.002779675909802901,0.010479501919878854,0.0016145053976458687
1605,1973-11-01,6.962552474872282e-8,1.750090725854646e-6,4.549703039226312e-5,0.00278258113141137,0.010517074043302124,0.001632046867390899
1606,1973-12-01,7.125916680228994e-8,1.7886997670814975e-6,4.6174768339464164e-5,0.0027777744931398686,0.010525588361082526,0.001642506466555096
1607,1974-01-01,7.205329792490747e-8,1.8168215730631464e-6,4.715497348151807e-5,0.0027717591258610832,0.010493925842877493,0.0016478574222453352
1608,1974-02-01,7.154764092010814e-8,1.8156291545926477e-6,4.779562734042469e-5,0.0026351884540745532,0.009789747505301098,0.001555297285743783
1609,1974-03-01,6.957342621008276e-8,1.766226469856253e-6,4.757247254901609e-5,0.0025281798445490025,0.009107741316380903,0.001474233384450901
1610,1974-04-01,6.833960322839325e-8,1.7318372502071717e-6,4.6581637412283844e-5,0.002442831938727224,0.008568910552299984,0.0014027800202010144
1611,1974-05-01,6.694220382494944e-8,1.6932078319651564e-6,4.55658998025983e-5,0.0023796779605507012,0.00829727263504213,0.0013417633122468952
1612,1974-06-01,6.74925983006611e-8,1.7009205214590022e-6,4.4675050947847444e-5,0.00230794753344839,0.008201806244036167,0.0012836873276662521
1613,1974-07-01,6.811452284234904e-8,1.719125100474097e-6,4.491208196192688e-5,0.0022494833595199343,0.008078308230503392,0.0012284095602635339
1614,1974-08-01,6.850539471900372e-8,1.731423958400858e-6,4.541409768918952e-5,0.0022024007754394416,0.007939244196303916,0.0011768932035431446
1615,1974-09-01,6.867404759438157e-8,1.7355763205934834e-6,4.5727820384373605e-5,0.0021659291385081156,0.007809007411092725,0.0011306501555121426
1616,1974-10-01,6.997383749289392e-8,1.7649423185603655e-6,4.595661102571893e-5,0.00213147499265098,0.007678188345406756,0.0010871100230660802
1617,1974-11-01,7.118602719128483e-8,1.794922448309256e-6,4.6513761617424306e-5,0.0020995500265385937,0.00756125417020382,0.0010467068232308788
1618,1974-12-01,7.202347934258049e-8,1.8149045025791086e-6,4.7155001873003216e-5,0.0020727248063771198,0.007462062475443142,0.001010935370708027
1619,1975-01-01,7.284510896965998e-8,1.841681451722172e-6,4.785461463724889e-5,0.0020490703914902543,0.007348905447046113,9.782042160112307e-4
1620,1975-02-01,7.18434487603006e-8,1.8281348853616597e-6,4.861579314084348e-5,0.00204285836337649,0.007206947906980941,9.530133630780362e-4
1621,1975-03-01,7.012471401309957e-8,1.784523751459917e-6,4.828084444832416e-5,0.002042148895803129,0.006986492321623974,9.366127390039485e-4
1622,1975-04-01,6.803671064355075e-8,1.7278765925968054e-6,4.711982710165766e-5,0.0020494638389162902,0.006852445095014529,9.300687023425392e-4
1623,1975-05-01,6.738769250227633e-8,1.7048124222535705e-6,4.580986136145617e-5,0.002053317658919856,0.006765171151731117,9.287336675411933e-4
1624,1975-06-01,6.706996345453301e-8,1.6937523156635994e-6,4.4982374477007255e-5,0.0020524077365394653,0.006894456518851552,9.289475660173661e-4
1625,1975-07-01,6.756237379420395e-8,1.7057267361142455e-6,4.485357947831867e-5,0.002045478722712638,0.007031283682132857,9.271748931611062e-4
1626,1975-08-01,6.7883653551133e-8,1.715535361381513e-6,4.5150971640856606e-5,0.002040869766377036,0.007110740598538511,9.235870098705615e-4
1627,1975-09-01,6.778415161281596e-8,1.7135782589927318e-6,4.5371642430748386e-5,0.0020399514237499547,0.007159271686772359,9.198876932200163e-4
1628,1975-10-01,6.872154653718913e-8,1.7331627448473598e-6,4.543412099047071e-5,0.0020356955081881497,0.007177781466297372,9.143049940521219e-4
1629,1975-11-01,6.990320988453588e-8,1.7606452603353725e-6,4.579929915547687e-5,0.002027427971896395,0.007177738458394865,9.066855780807044e-4
1630,1975-12-01,7.132365204265448e-8,1.7949398255536486e-6,4.6437283191778915e-5,0.002016263322552251,0.007155487108637381,8.970329904483727e-4
1631,1976-01-01,7.254571946758942e-8,1.830760251554463e-6,4.736559146059434e-5,0.002005688219491283,0.0070880586804695535,8.855879437645189e-4
1632,1976-02-01,7.244075891766394e-8,1.8414936627351377e-6,4.846828567039014e-5,0.0019700710522290344,0.006774438892532008,8.557533144922212e-4
1633,1976-03-01,7.023031567817208e-8,1.7879799753621546e-6,4.832283431839216e-5,0.0019480809748190953,0.006463508797145304,8.337843975235816e-4
1634,1976-04-01,6.8827979412094e-8,1.7440914781282393e-6,4.706239002880424e-5,0.0019335019130850006,0.006255490137226477,8.190684640939443e-4
1635,1976-05-01,6.957563854148425e-8,1.7578267273868078e-6,4.635409285195475e-5,0.0019257259529801563,0.0061592236035539595,8.080943293006899e-4
1636,1976-06-01,6.749198135028095e-8,1.7045855271821846e-6,4.505932470549466e-5,0.0018985914438469742,0.006367363226202844,7.979573818243962e-4
1637,1976-07-01,6.828799193710094e-8,1.7239699125795173e-6,4.5063370827984956e-5,0.0018769852326474296,0.006476300590112309,7.859248477225569e-4
1638,1976-08-01,6.845316170915524e-8,1.7317728318783627e-6,4.550535862920695e-5,0.0018625029061439787,0.00649499875795007,7.735103428558437e-4
1639,1976-09-01,6.86544941582848e-8,1.7359107258584937e-6,4.575775756034737e-5,0.0018528942433966224,0.006481456726551555,7.616447187702828e-4
1640,1976-10-01,6.994781882370967e-8,1.7645947682294243e-6,4.595378566890534e-5,0.0018411410372362656,0.006441307556656728,7.484776239290898e-4
1641,1976-11-01,7.188894997159282e-8,1.8119659185976326e-6,4.6575547834822056e-5,0.0018247512111294563,0.006384332579487379,7.328352907051373e-4
1642,1976-12-01,7.285725685722624e-8,1.8386166466417514e-6,4.751726601630374e-5,0.0018108408573608824,0.006333581545317181,7.176878067562955e-4
1643,1977-01-01,7.320419098136021e-8,1.8545709354783603e-6,4.836022677156018e-5,0.0018009085527980495,0.006274599061392939,7.036849002776353e-4
1644,1977-02-01,7.1428011172353e-8,1.8225456697313264e-6,4.9097187150459234e-5,0.0018507401014111254,0.006359514116928994,7.158764350511709e-4
1645,1977-03-01,6.895952369151911e-8,1.7590924185355421e-6,4.83035177615611e-5,0.0018975574141437477,0.006349921092097418,7.357923095461024e-4
1646,1977-04-01,6.679589161296881e-8,1.694649214658124e-6,4.658485809719432e-5,0.0019453915340949504,0.006390272812595186,7.647387943658822e-4
1647,1977-05-01,6.598355582935735e-8,1.666759821955765e-6,4.495167984537577e-5,0.001982521872575421,0.0064555560853939,7.97123840212638e-4
1648,1977-06-01,6.629247418073495e-8,1.6701308113917612e-6,4.4092571439643445e-5,0.0020041261643634965,0.006713481395947583,8.259217609810558e-4
1649,1977-07-01,6.699722407809685e-8,1.6890053571744588e-6,4.426723271728141e-5,0.002017954734912939,0.006923137424920707,8.485834500751054e-4
1650,1977-08-01,6.724088623714243e-8,1.6974260136438866e-6,4.4720712309908234e-5,0.0020311440767092495,0.0070631231625576125,8.663544499496892e-4
1651,1977-09-01,6.766719541538927e-8,1.7079775399513266e-6,4.500733308899234e-5,0.002041911803175881,0.007151597350827031,8.794913558668998e-4
1652,1977-10-01,6.891283452590199e-8,1.7367789852190863e-6,4.531146268154083e-5,0.0020461159686086415,0.007197462214424629,8.869957037926911e-4
1653,1977-11-01,7.078929379876044e-8,1.7814276003677884e-6,4.5932989143223865e-5,0.002042129759320122,0.007214990846746581,8.885585773959912e-4
1654,1977-12-01,7.188578927557358e-8,1.8100674394017113e-6,4.682634924264855e-5,0.002036477707930215,0.007225029135798306,8.872878531613473e-4
1655,1978-01-01,7.266521421733945e-8,1.8353801375297015e-6,4.769624664928931e-5,0.002030164090250511,0.0072123878776803926,8.836003635214473e-4
1656,1978-02-01,7.166276269021706e-8,1.8252226355983688e-6,4.817528670652667e-5,0.0019420826746987389,0.006792702089006097,8.33050761692584e-4
1657,1978-03-01,6.966900084119059e-8,1.7772108671271928e-6,4.828798323607608e-5,0.0018907793483635058,0.0063961927953829385,7.932422059240221e-4
1658,1978-04-01,6.717831593454588e-8,1.7054878623067448e-6,4.6550706872098954e-5,0.0018538241954466834,0.006062555867958324,7.643739016224516e-4
1659,1978-05-01,6.578893191798913e-8,1.6591906868577924e-6,4.437394624007335e-5,0.0018193471838298815,0.006033910996772331,7.412114736004538e-4
1660,1978-06-01,6.610141905074822e-8,1.6664158223042263e-6,4.372214226929981e-5,0.0017792808271353182,0.006053505679262826,7.188182137247115e-4
1661,1978-07-01,6.670444344317029e-8,1.6815670982302615e-6,4.393307994486238e-5,0.0017475278367871095,0.0060141333857230824,6.967730243132413e-4
1662,1978-08-01,6.711510549596877e-8,1.6946645491907913e-6,4.436314992914441e-5,0.0017225321750612302,0.005943928166195773,6.754157830805707e-4
1663,1978-09-01,6.759319391450747e-8,1.706360287570398e-6,4.471051572830101e-5,0.0017027714117782851,0.005867913998451453,6.554386032223378e-4
1664,1978-10-01,6.888070651326888e-8,1.7363200469697709e-6,4.5067411202601036e-5,0.0016834693296084223,0.00578519597145983,6.356881127054052e-4
1665,1978-11-01,7.029282869671541e-8,1.770428457950961e-6,4.568743809242064e-5,0.0016646615049863776,0.0057079743441511505,6.163895011261346e-4
1666,1978-12-01,7.197076110484376e-8,1.810909213239836e-6,4.648276041976307e-5,0.0016460068850863965,0.005632518791165328,5.976079478419883e-4
1667,1979-01-01,7.259177910903765e-8,1.8351523576798366e-6,4.7496998731486036e-5,0.0016324901027306414,0.005549374199491219,5.80424419357186e-4
1668,1979-02-01,7.152050066113838e-8,1.8229414705014365e-6,4.8544499811243616e-5,0.0016471551081235335,0.005431030711307211,5.722100855935739e-4
1669,1979-03-01,6.906899649710282e-8,1.7567060510163233e-6,4.788196266501022e-5,0.0016648423372987316,0.005292673084293592,5.723868361670167e-4
1670,1979-04-01,6.748047133684912e-8,1.7094701300615594e-6,4.627680957806488e-5,0.0016804972954180867,0.005230986205940703,5.789798700864045e-4
1671,1979-05-01,6.71593127079066e-8,1.6957010195727022e-6,4.514011482960036e-5,0.0016979950021618372,0.005290871600077508,5.880623986235837e-4
1672,1979-06-01,6.678181236993455e-8,1.6845110861665518e-6,4.427363051620473e-5,0.0016870809520139185,0.0055435602017292135,5.951415875516499e-4
1673,1979-07-01,6.730536802623484e-8,1.698410798754305e-6,4.445118178661363e-5,0.001683980717362867,0.0056754924099387165,5.991967214434343e-4
1674,1979-08-01,6.795903110077034e-8,1.7158894547203973e-6,4.486453291423526e-5,0.0016810949290868768,0.005725609560405754,6.000750592447803e-4
1675,1979-09-01,6.847962862002692e-8,1.7306405997630922e-6,4.5314992906449544e-5,0.0016786615442488397,0.005736061613189879,5.985071483898315e-4
1676,1979-10-01,7.00220017919627e-8,1.7671547449517583e-6,4.578361992077207e-5,0.0016723292047151575,0.00571325283744534,5.934604137387471e-4
1677,1979-11-01,7.119217570173063e-8,1.7954412804808568e-6,4.6459175932864756e-5,0.0016655226514906826,0.005690628760757023,5.868458730978062e-4
1678,1979-12-01,7.30199394561193e-8,1.8385161486937524e-6,4.719329362577892e-5,0.00165531461354524,0.00565709643586872,5.781595343218325e-4
1679,1980-01-01,7.342946195768905e-8,1.8601697746417651e-6,4.821397644088949e-5,0.0016481266737221397,0.005613042217130448,5.692690442026017e-4
1680,1980-02-01,7.187274846650751e-8,1.8328685828453306e-6,4.9052889879560025e-5,0.0016880873951572433,0.005711801889413988,5.791371089590019e-4
1681,1980-03-01,7.015107745568304e-8,1.7918252600070595e-6,4.8908091552779714e-5,0.0017353529412305023,0.005748382314939351,5.953706232014669e-4
1682,1980-04-01,6.669171663994706e-8,1.6922956393271178e-6,4.680537019987183e-5,0.0017844556601110714,0.005942834020372211,6.215638260686067e-4
1683,1980-05-01,6.610989844962408e-8,1.669218017917388e-6,4.4766703047558224e-5,0.0018055627132646597,0.0062259809350893106,6.48907763242052e-4
1684,1980-06-01,6.620009015450563e-8,1.6693941553978534e-6,4.41385266430136e-5,0.0018230495572442828,0.006438358001440713,6.735204689620067e-4
1685,1980-07-01,6.719098707532136e-8,1.6934573820418902e-6,4.4267243511900634e-5,0.0018341854194568181,0.006541959594218273,6.919467541950388e-4
1686,1980-08-01,6.760727479083163e-8,1.707122729069572e-6,4.4783771587496574e-5,0.00184288216252533,0.006586362636170007,7.052118676754797e-4
1687,1980-09-01,6.837430197935342e-8,1.7262770900902761e-6,4.5211463456203805e-5,0.001848153500347384,0.006592927617269922,7.13539696785414e-4
1688,1980-10-01,6.937599897496703e-8,1.7503055321410724e-6,4.565294803264416e-5,0.0018496392976898302,0.00657908120544702,7.175780932454858e-4
1689,1980-11-01,7.086221130311275e-8,1.7850793414211268e-6,4.619854136694719e-5,0.0018459665023886575,0.0065546201998292536,7.176200905091774e-4
1690,1980-12-01,7.170197858121323e-8,1.8076476341304298e-6,4.691664624451772e-5,0.0018414618360177036,0.006530502327867677,7.158196200928157e-4
1691,1981-01-01,7.21217626998766e-8,1.8227831287996882e-6,4.7588115599945475e-5,0.0018380873905438756,0.006495118995448966,7.130465146093828e-4
1692,1981-02-01,7.099177466630304e-8,1.8073148598022383e-6,4.809290942473495e-5,0.0018304076847964028,0.006369765550843164,7.051883945745801e-4
1693,1981-03-01,7.569033671347843e-8,1.7898910903041251e-6,4.759550784243336e-5,0.0018350295841114478,0.006165267325635823,7.044262999289045e-4
1694,1981-04-01,7.345388413150726e-8,1.728097273745157e-6,4.595263800015765e-5,0.0018451321923367596,0.006029577678542329,7.104788986952498e-4
1695,1981-05-01,6.56534686873802e-8,1.6560461953178784e-6,4.4420730549123974e-5,0.0018626873683148984,0.006143351395002345,7.192178866569219e-4
1696,1981-06-01,6.61325346162379e-8,1.6661761147429095e-6,4.369683422790083e-5,0.0018423664573868777,0.006360067516594825,7.242252666032977e-4
1697,1981-07-01,6.664139795215956e-8,1.6798379975622324e-6,4.3985242560897095e-5,0.0018340385936205968,0.006436182830570452,7.257253728206671e-4
1698,1981-08-01,6.707989190150522e-8,1.6931783221260322e-6,4.442080648126282e-5,0.0018277068703479041,0.006440417166759418,7.241543356652253e-4
1699,1981-09-01,6.783908276362607e-8,1.7114762112675953e-6,4.4793205005189083e-5,0.0018207926835080595,0.0064141724529543954,7.199177649829551e-4
1700,1981-10-01,6.937477837053176e-8,1.74873401956232e-6,4.529862269120466e-5,0.001809876545187382,0.006363798615925056,7.12125114616809e-4
1701,1981-11-01,7.060780937642434e-8,1.7792431859683421e-6,4.604203059693052e-5,0.001798558364246592,0.006314867051304474,7.025871523618231e-4
1702,1981-12-01,7.18439606227898e-8,1.8096819249920773e-6,4.678124303255935e-5,0.0017870604884338338,0.006267234276727396,6.921315116917466e-4
1703,1982-01-01,7.234921571376313e-8,1.8277170416782942e-6,4.756767106158578e-5,0.0017788893822844483,0.0062083167439026905,6.82129618182606e-4
1704,1982-02-01,7.154937199011468e-8,1.817163130214345e-6,4.817243055863598e-5,0.001781026892374415,0.006134731708643502,6.75282082629923e-4
1705,1982-03-01,7.005492447403217e-8,1.7816214895913045e-6,4.806204289186147e-5,0.001793825777096019,0.006067510656385239,6.739738855139844e-4
1706,1982-04-01,6.930302104324571e-8,1.7574540269984168e-6,4.736999735129069e-5,0.001810724953058179,0.006003966824118036,6.792290853293135e-4
1707,1982-05-01,6.695953576544738e-8,1.6919226251092101e-6,4.535877179689388e-5,0.0018106475312505723,0.006232644462728166,6.871479417702589e-4
1708,1982-06-01,6.771397011134595e-8,1.7078816376000627e-6,4.4799693440834406e-5,0.0018059705651615242,0.006374053788458099,6.923645912711058e-4
1709,1982-07-01,6.896672523347973e-8,1.7407137174000674e-6,4.520228896738505e-5,0.001798995135169812,0.0064012770657433495,6.92904768454651e-4
1710,1982-08-01,6.989192934803044e-8,1.766570947680058e-6,4.5969116822175414e-5,0.0017923663990945943,0.006379393635638296,6.897653886735684e-4
1711,1982-09-01,7.165968519407182e-8,1.8118228004083686e-6,4.6770515990205805e-5,0.0017824419161837667,0.0063174817869865,6.817662702179606e-4
1712,1982-10-01,7.336107821419672e-8,1.8564507272394467e-6,4.777699182477987e-5,0.0017710697175288635,0.006242882398747263,6.702772496463695e-4
1713,1982-11-01,7.567928983263339e-8,1.91211185404135e-6,4.883711606310373e-5,0.0017567274178638304,0.006165845471151145,6.559726857366771e-4
1714,1982-12-01,7.855860947312768e-8,1.983506742166052e-6,5.012415408271688e-5,0.0017380245944226824,0.006080023749019574,6.387816723101605e-4
1715,1983-01-01,7.806225339276492e-8,1.997296437474202e-6,5.1774645666351496e-5,0.0017295392304611645,0.0060048840699488204,6.235898762499651e-4
1716,1983-02-01,7.367115651480235e-8,1.9006830633193439e-6,5.162043632334505e-5,0.00158175948824126,0.005258616862706062,5.435511764780906e-4
1717,1983-03-01,6.997393529084294e-8,1.7980869536899284e-6,4.9786948103636806e-5,0.0014875577582587317,0.0045926825517909504,4.8314595723990283e-4
1718,1983-04-01,6.70606506980168e-8,1.7113649694357022e-6,4.705663755513691e-5,0.0014273842815318832,0.004141387824155224,4.3950659327364336e-4
1719,1983-05-01,7.134801426907379e-8,1.6553894640659821e-6,4.4401513981709296e-5,0.0013750640331621163,0.0039036486744627678,4.079817000321913e-4
1720,1983-06-01,6.610169960303259e-8,1.6653522381780912e-6,4.318057672066879e-5,0.0013245372117477929,0.003960531633063499,3.8043883233499865e-4
1721,1983-07-01,6.690936129080209e-8,1.6865624574394049e-6,4.340423199234254e-5,0.0012773473309650228,0.0039659301910136896,3.5562961595395016e-4
1722,1983-08-01,6.741251797489882e-8,1.702030742731061e-6,4.4005845013148995e-5,0.0012459372723835507,0.003897987077620848,3.3402602773253964e-4
1723,1983-09-01,6.838357375538414e-8,1.7261494697563137e-6,4.45081776964716e-5,0.0012223893261414341,0.0038133251868981556,3.151127317926825e-4
1724,1983-10-01,6.965292021855322e-8,1.757918850005063e-6,4.510148308106689e-5,0.0012034782351430587,0.0037309751644334192,2.983651164314319e-4
1725,1983-11-01,7.044740688331079e-8,1.777499729364318e-6,4.5737828690863115e-5,0.0011907307485895698,0.003669561415327309,2.8446029850185295e-4
1726,1983-12-01,7.139683585759808e-8,1.7998508460420767e-6,4.6245535120917455e-5,0.0011811726114154416,0.003619872752463668,2.729330552035783e-4
1727,1984-01-01,7.177871237794268e-8,1.8140402484117277e-6,4.68173427514249e-5,0.0011759962571571939,0.0035678916857884864,2.63656328071747e-4
1728,1984-02-01,7.100553492949364e-8,1.8039262398004823e-6,4.7309745851117376e-5,0.0011767467953511068,0.003465519657974223,2.558635657866095e-4
1729,1984-03-01,6.862329098949339e-8,1.7454590991307855e-6,4.686390283778233e-5,0.0011818853386336007,0.003305548164260309,2.5313408781771585e-4
1730,1984-04-01,6.69019739180529e-8,1.6967619695091504e-6,4.553695154037261e-5,0.0011884872363580655,0.0032193990297485252,2.5451676538163073e-4
1731,1984-05-01,6.644833900034337e-8,1.6786236420242557e-06,4.4436607083067145e-5,0.0011994557612968837,0.0032487039291418623,2.5807881872280143e-4
1732,1984-06-01,6.586241616500386e-8,1.6612990618683925e-6,4.341438105675779e-5,0.0011861813860491795,0.0034436769902323706,2.609221513998553e-4
1733,1984-07-01,6.639357501686599e-8,1.674414042032334e-6,4.3397686163412444e-5,0.0011775585292835723,0.0035367896586716912,2.6178964804038986e-4
1734,1984-08-01,6.717485100440745e-8,1.696184359884368e-6,4.380839271361315e-5,0.0011702426531887845,0.0035561507109754,2.603693594560931e-4
1735,1984-09-01,6.796423678995269e-8,1.716189658635645e-6,4.4322114960862776e-5,0.0011649981967357405,0.0035455125011899123,2.574805484813848e-4
1736,1984-10-01,6.950805148186872e-8,1.7533486046324748e-6,4.4882461322261175e-5,0.0011583012239542278,0.0035144909627017077,2.52811361509004e-4
1737,1984-11-01,7.060916321149206e-8,1.7811759786682888e-6,4.561116865854805e-5,0.0011531201327222422,0.0034880163391016023,2.4761429552198325e-4
1738,1984-12-01,7.21163875919615e-8,1.8171869625415898e-6,4.632073645548906e-5,0.001147526001044046,0.0034576411984267533,2.4198175394189486e-4
1739,1985-01-01,7.292522728792348e-8,1.845129881336416e-6,4.723046546537406e-5,0.0011447301095381035,0.0034105551159649217,2.364387579408535e-4
1740,1985-02-01,7.217655346931658e-8,1.8406025886120356e-6,4.831856869643036e-5,0.0011525648409169689,0.0032638765299672352,2.3196551385952892e-4
1741,1985-03-01,6.955445184951895e-8,1.7714744862307617e-6,4.7685878060142514e-5,0.0011625844090089605,0.0031369664027665104,2.3241607869109028e-4
1742,1985-04-01,6.830430830662088e-8,1.731920884825893e-6,4.615771156599715e-5,0.00116982734789424,0.003070363536031291,2.3587635701506043e-4
1743,1985-05-01,7.372002205617323e-8,1.7582856967590408e-6,4.496830998956327e-5,0.001173937071796379,0.0030636615917771595,2.4068454215601964e-4
1744,1985-06-01,6.725930449054836e-8,1.6970948713649125e-6,4.401621128547158e-5,0.0011630103771239795,0.0033430527344633916,2.435805885129012e-4
1745,1985-07-01,6.815378066068995e-8,1.7210322285132716e-6,4.428529777668737e-5,0.0011511492355165132,0.003458900930489099,2.4377729936232522e-4
1746,1985-08-01,6.85877538267575e-8,1.7354220180024775e-6,4.488098772375445e-5,0.0011449599520221173,0.003477575286207945,2.4233191290070713e-4
1747,1985-09-01,6.93326604727164e-8,1.7544393165356105e-6,4.533921046799109e-5,0.0011409518834377347,0.0034613400719537934,2.3963445725468848e-4
1748,1985-10-01,7.049758011264487e-8,1.7821312776275414e-6,4.579660939675597e-5,0.001136701331926299,0.003432724140303374,2.3584795605565602e-4
1749,1985-11-01,7.195982574733168e-8,1.8168445436971825e-6,4.639887596536417e-5,0.0011315559977545157,0.003401197312072824,2.311738941456252e-4
1750,1985-12-01,7.420585484313396e-8,1.8709508165795694e-6,4.723844107174082e-5,0.0011235679844987221,0.0033579180236868356,2.251244111640411e-4
1751,1986-01-01,7.425062050743038e-8,1.887373916140956e-6,4.8438245935296345e-5,0.0011222583385523887,0.00331457727492114,2.1962711882242482e-4
1752,1986-02-01,7.218953557769683e-8,1.8466183971821965e-6,4.882365386496622e-5,0.0011030874768933596,0.003149575790656652,2.0859367930526717e-4
1753,1986-03-01,7.1347387875248e-8,1.8245787161333231e-6,4.8591748819774406e-5,0.0010979829664425889,0.00296704679568724,2.0249455306537638e-4
1754,1986-04-01,6.713710230448276e-8,1.707147531490313e-6,4.628017047149707e-5,0.0011159321002744884,0.0029576157777207487,2.0223936949413944e-4
1755,1986-05-01,6.609133831826858e-8,1.6683151995324322e-6,4.4012449025007685e-5,0.0010900839760879409,0.0031276071037331468,2.0361233373092136e-4
1756,1986-06-01,6.6730429791438e-8,1.6829033021608254e-6,4.339241443063549e-5,0.0010727539058939732,0.0031917975406443697,2.0327604384993663e-4
1757,1986-07-01,6.756413220917971e-8,1.7055356938899216e-6,4.375266184878038e-5,0.0010588882640622437,0.0031734459550231573,2.0090605031925152e-4
1758,1986-08-01,6.820422554410989e-8,1.7237996392600181e-6,4.432214265162207e-5,0.0010495684876781766,0.0031290450747100827,1.9736117429729194e-4
1759,1986-09-01,6.888531421916681e-8,1.7415706950586188e-6,4.480819721684385e-5,0.0010437513275973554,0.003079054295486067,1.932913939992123e-4
1760,1986-10-01,7.042294757729929e-8,1.7783531678266015e-6,4.531054471411283e-5,0.0010372604650124046,0.0030238704995641757,1.8830067871245602e-4
1761,1986-11-01,7.196267697831213e-8,1.8174181619230284e-6,4.60719083837662e-5,0.0010309333266532079,0.002978023078350343,1.827533423962892e-4
1762,1986-12-01,7.349939572537188e-8,1.8544862926471595e-6,4.692159266028049e-5,0.0010256713286557865,0.0029412580390304707,1.772758695987104e-4
1763,1987-01-01,7.446065019859523e-8,1.886738615418753e-6,4.790732940870024e-5,0.0010223532945363848,0.0028983012482765697,1.7194714678422934e-4
1764,1987-02-01,7.279269388344489e-8,1.8631217929807242e-6,4.9187806206860747e-5,0.0010762537645055126,0.0030040182606778923,1.7956429508296994e-4
1765,1987-03-01,6.931826966248913e-8,1.7739248071563641e-6,4.8558149496790264e-5,0.0011248574591486867,0.003015629032425316,1.9243239346837906e-4
1766,1987-04-01,6.670929181405223e-8,1.6956448241810619e-6,4.637092917816691e-5,0.0011642627409458547,0.0030819651290836542,2.1040392020027076e-4
1767,1987-05-01,7.27077204193984e-8,1.7321278712647623e-6,4.4465853752098134e-5,0.001187254615537888,0.003161443358535264,2.291392749806911e-4
1768,1987-06-01,6.625210736235647e-8,1.6710114923495262e-6,4.360592557095778e-5,0.0011966758333550474,0.0034623183602495006,2.4453223579701326e-4
1769,1987-07-01,6.72183801313803e-8,1.695114668271337e-6,4.374260004169461e-5,0.0011953882843204783,0.0036236645504086093,2.5471562302187365e-4
1770,1987-08-01,6.813251737719263e-8,1.7201475192682208e-6,4.434934816389929e-5,0.0011942991183468382,0.003673538817017815,2.603043461743e-4
1771,1987-09-01,6.916575144977078e-8,1.7482427052772693e-6,4.503346275554655e-5,0.001192513724653293,0.003674535605108272,2.6214261294402576e-4
1772,1987-10-01,7.05572565878663e-8,1.7822024697292077e-6,4.571878821019275e-5,0.0011894586120461488,0.0036543946042444904,2.611002553631639e-4
1773,1987-11-01,7.204663917186273e-8,1.818974832025797e-6,4.647163777333153e-5,0.001185329345328482,0.0036309951241228697,2.5807912341164547e-4
1774,1987-12-01,7.337027553149881e-8,1.8527589040727276e-6,4.7306532650805465e-5,0.001181155149401966,0.003606425264780083,2.5402112367776996e-4
1775,1988-01-01,7.291447960678104e-8,1.850037826610761e-6,4.808804940746788e-5,0.0011839761495596557,0.0035836132015369367,2.511259640406262e-4
1776,1988-02-01,7.152599409683919e-8,1.8218711828006447e-6,4.8592875294162364e-5,0.0012371328950447204,0.003692657168375538,2.6266240741704345e-4
1777,1988-03-01,7.651832418174842e-8,1.8054820730136415e-6,4.779559119247334e-5,0.001281620271037536,0.003707820643325131,2.7861737643114276e-4
1778,1988-04-01,7.414533369130812e-8,1.7398925248492054e-6,4.614030950913776e-5,0.0013210613910521489,0.0037463701588851222,2.991761823195439e-4
1779,1988-05-01,6.629285965829944e-8,1.6741619745160264e-6,4.458430710206911e-5,0.0013603457124214252,0.003970469194622625,3.201162457406522e-4
1780,1988-06-01,6.602601617110336e-8,1.6651353508490098e-6,4.374689258878311e-5,0.0013571294936259065,0.004280517291118852,3.3801925022179376e-4
1781,1988-07-01,6.651877002216463e-8,1.6780800133848447e-6,4.3772671808133646e-5,0.0013621873199887254,0.0044154075270385505,3.511190520314565e-4
1782,1988-08-01,6.683522316211954e-8,1.6880235656485808e-6,4.410896686789151e-5,0.0013667957458025279,0.0044624602319003,3.6001875586445917e-4
1783,1988-09-01,6.751315282993102e-8,1.704440877684776e-6,4.4416663644631e-5,0.0013693515405015669,0.0044676815671319,3.651586535345718e-4
1784,1988-10-01,6.880491676717279e-8,1.7350484921023246e-6,4.482777280809643e-5,0.0013677008914133358,0.004450330588855205,3.6664785481744383e-4
1785,1988-11-01,6.95337542425669e-8,1.7536206981559074e-6,4.541200780831579e-5,0.001365889594354641,0.004434999397659119,3.663195447750437e-4
1786,1988-12-01,7.102047061844116e-8,1.7866337181249004e-6,4.5927276876173155e-5,0.001361069824717472,0.004410682400817966,3.640337519116919e-4
1787,1989-01-01,7.195128281596003e-8,1.8155767356350986e-6,4.6720544462834335e-5,0.0013565078453208613,0.004369687585160521,3.6040051232560515e-4
1788,1989-02-01,7.122289562067061e-8,1.808367868781391e-6,4.761555291167646e-5,0.0013745744569102108,0.0043303744642997815,3.619185732063723e-4
1789,1989-03-01,6.937667541553732e-8,1.7637044159174082e-6,4.738872510506718e-5,0.0013919505691994138,0.0042038170834871585,3.669001510415157e-4
1790,1989-04-01,6.915821020723984e-8,1.7518125930226661e-6,4.6796829529772486e-5,0.0014133926161731024,0.004195683679536961,3.7560116671412025e-4
1791,1989-05-01,6.749625497032395e-8,1.7068606159640096e-6,4.5228303692694725e-5,0.001421116373002693,0.0043692128302625964,3.846047610460826e-4
1792,1989-06-01,6.758844310807131e-8,1.7076515162110544e-6,4.478107046702993e-5,0.0014172561456966485,0.004551177857603608,3.917237815668916e-4
1793,1989-07-01,6.798201194719408e-8,1.7184765917225484e-6,4.490798378371722e-5,0.0014161764088725108,0.004631856282966362,3.962138506753715e-4
1794,1989-08-01,6.851544173679267e-8,1.7327766783455783e-6,4.522807756063261e-5,0.0014153521693297958,0.0046532541828336205,3.981084672669323e-4
1795,1989-09-01,6.899373074985437e-8,1.7454526452136498e-6,4.5576874690384215e-5,0.0014149265975613684,0.004648986150778878,3.980634341405699e-4
1796,1989-10-01,7.014445055298203e-8,1.7721584483659953e-6,4.593441754633183e-5,0.0014120346537665664,0.004626300147803206,3.957728471460047e-4
1797,1989-11-01,7.187702454006243e-8,1.8129563756974104e-6,4.65220305783904e-5,0.001405396275398874,0.004592366805215828,3.9112900920529884e-4
1798,1989-12-01,7.380762802150439e-8,1.8604046141944464e-6,4.7428092755243353e-5,0.001396286443785139,0.004548190385865956,3.844643257013358e-4
1799,1990-01-01,7.424549301657215e-8,1.8842878570031154e-6,4.8590788354294545e-5,0.0013913706620120655,0.004497890728585304,3.775547231130932e-4
1800,1990-02-01,7.273953445511507e-8,1.8579227811039964e-6,4.8843592343462935e-5,0.0013129418506096064,0.004102489676208947,3.4297927911730163e-4
1801,1990-03-01,7.081077486717196e-8,1.808299351159007e-6,4.861039189121039e-5,0.001272797173141645,0.0037633055808775234,3.174422674901541e-4
1802,1990-04-01,7.487441226535132e-8,1.7894215297270071e-6,4.691125185911892e-5,0.0012461492900472076,0.0035104917669653373,3.0000016603307295e-4
1803,1990-05-01,6.686547580332221e-8,1.6907460369924864e-6,4.4800874819931534e-5,0.0012177068949340841,0.0036286870093261577,2.873536398055659e-4
1804,1990-06-01,6.796580959133172e-8,1.7157183217285244e-6,4.4214032146471974e-5,0.001183739780640759,0.0036573531726271685,2.750485078566123e-4
1805,1990-07-01,6.864663728332229e-8,1.7355788979428984e-6,4.467129092744741e-5,0.0011599084600705588,0.003607911436066637,2.6335762287330353e-4
1806,1990-08-01,6.90436705188514e-8,1.7484642704245169e-6,4.523323093466167e-5,0.0011445846145295582,0.0035382461157286394,2.528511361730354e-4
1807,1990-09-01,6.935948939322994e-8,1.7569224691642907e-6,4.559196415020453e-5,0.0011355332250139335,0.003471872623306854,2.4390795096594666e-4
1808,1990-10-01,7.036805880559543e-8,1.7791714833408182e-6,4.584023064938159e-5,0.001128043119676933,0.0034110900948291396,2.3585918044144308e-4
1809,1990-11-01,7.230403534767636e-8,1.8245799882215975e-6,4.634895967793765e-5,0.0011182614687643478,0.0033517676152569286,2.2761460300406552e-4
1810,1990-12-01,7.416981070516895e-8,1.8705863514164665e-6,4.7260240110166536e-5,0.0011087541822703462,0.003299270985756252,2.1945721016573434e-4
1811,1991-01-01,7.53304314599972e-8,1.9092633219529937e-6,4.844397692796515e-5,0.0011021037293317748,0.0032413071792724516,2.1158348591526234e-4
1812,1991-02-01,7.37254626188488e-8,1.885909566485687e-6,4.968985639817865e-5,0.001142133008106605,0.0033338869913456665,2.1594827338697236e-4
1813,1991-03-01,7.064148176483486e-8,1.8101104647801477e-6,4.9325041854224865e-5,0.001184660392342488,0.003443082956477847,2.254232642431639e-4
1814,1991-04-01,6.830798868167494e-8,1.7400861102719737e-6,4.766020944229728e-5,0.0012263358964798778,0.003522003510441391,2.407556409443172e-4
1815,1991-05-01,6.678081819246551e-8,1.6889797775121655e-6,4.5196033334859e-5,0.0012411823363907097,0.0037597562120562015,2.577503572856224e-4
1816,1991-06-01,6.768718066345169e-8,1.7085625711164517e-6,4.4390541188792734e-5,0.0012436974439093212,0.003909168346808122,2.708116549529437e-4
1817,1991-07-01,6.887561822031985e-8,1.740142966431235e-6,4.4810001289587225e-5,0.0012425491199510392,0.003954164633047344,2.7869947158639893e-4
1818,1991-08-01,6.929611954483206e-8,1.755062267885486e-6,4.553336135317325e-5,0.0012430522364026734,0.003955980054373468,2.83075071093498e-4
1819,1991-09-01,6.960370981444035e-8,1.7633522996264726e-6,4.596979760289768e-5,0.0012453102407768734,0.0039397169611570014,2.85252762360671e-4
1820,1991-10-01,7.075212529159145e-8,1.7889030948251659e-6,4.62403197136673e-5,0.001244906397724465,0.003909990283429674,2.8505215599104766e-4
1821,1991-11-01,7.315188705756712e-8,1.8453201398879307e-6,4.684121082239732e-5,0.0012378370678427918,0.0038650624656839327,2.815518046349969e-4
1822,1991-12-01,7.483534425057465e-8,1.8910872152762228e-6,4.796466916013105e-5,0.00123042866488519,0.003822153551967647,2.762997995355628e-4
1823,1992-01-01,7.602664771864803e-8,1.9279402048058052e-6,4.918733908750288e-5,0.0012253840601001206,0.0037706400688834163,2.702233013354291e-4
1824,1992-02-01,7.409494455757028e-8,1.9030642931396186e-6,5.049652893381811e-5,0.0012643592033860208,0.003808174064609082,2.7502141696341797e-4
1825,1992-03-01,7.005509169632482e-8,1.7991596647267554e-6,4.984203361733391e-5,0.0013060876626872751,0.0037741990251512927,2.866501136777676e-4
1826,1992-04-01,6.695568654631393e-8,1.7042533339008224e-6,4.723586545716011e-5,0.001343782070022838,0.003823486073697534,3.0587646957978907e-4
1827,1992-05-01,6.682764367965639e-8,1.6879277039820527e-6,4.499347028621551e-5,0.0013666748808744296,0.0040010637677120545,3.2597959571917245e-4
1828,1992-06-01,6.755011027564326e-8,1.7041174041652222e-6,4.431665939195649e-5,0.0013666408453902174,0.0042113901771134495,3.4144815503640315e-4
1829,1992-07-01,6.846254720296484e-8,1.7297059092385722e-6,4.478006832525196e-5,0.0013660106940282552,0.004322166316845457,3.512539295205422e-4
1830,1992-08-01,6.929620089369753e-8,1.7526905965157024e-6,4.54524867011795e-5,0.0013652709921986113,0.004365464970549698,3.564273258044561e-4
1831,1992-09-01,7.001862371381314e-8,1.7728027010832262e-6,4.605996915111453e-5,0.001364625582123308,0.004372765887618697,3.5820379469266435e-4
1832,1992-10-01,7.097073767802477e-8,1.795070572649643e-6,4.654503456021017e-5,0.0013634069568635046,0.004364123930089265,3.5760481196204716e-4
1833,1992-11-01,7.253954495617347e-8,1.8318945456095984e-6,4.707095828541728e-5,0.0013587289741258095,0.004347317790209012,3.5461573884504555e-4
1834,1992-12-01,7.385101806231622e-8,1.8648866384849676e-6,4.782951879726094e-5,0.0013531962428410642,0.004327201165965736,3.5027971572114543e-4
1835,1993-01-01,7.490509050031661e-8,1.8960935506542913e-6,4.872225353802942e-5,0.0013484444630690142,0.004289499795552827,3.450420113180525e-4
1836,1993-02-01,7.398181626929962e-8,1.8897923063293515e-6,4.94247816229417e-5,0.0013183987008439227,0.0040978256376329875,3.293480393873346e-4
1837,1993-03-01,7.217588931110667e-8,1.851818979383404e-6,4.9885988380525056e-5,0.0013115833115980343,0.003883979128250843,3.1994569459799753e-4
1838,1993-04-01,6.897991198575564e-8,1.7561554454631808e-6,4.7814613217266184e-5,0.0013126745910160625,0.003752614264563632,3.185389220244344e-4
1839,1993-05-01,6.6689078234939e-8,1.6867206929852011e-6,4.500943675401585e-5,0.0013091820344231534,0.0038760043661463447,3.197883742714987e-4
1840,1993-06-01,6.699009138459816e-8,1.6905533696396476e-6,4.413107036181821e-5,0.0012906536867504845,0.00400074037269267,3.1987187831303043e-4
1841,1993-07-01,6.829183416915717e-8,1.723333647959486e-6,4.435830323212003e-5,0.0012742661714072764,0.004016722183902324,3.1663094854688474e-4
1842,1993-08-01,6.915282977471836e-8,1.7487065538327183e-6,4.5102559527710015e-5,0.0012615995466632192,0.00398594770570314,3.112276297390122e-4
1843,1993-09-01,7.006814981815088e-8,1.772847861244404e-6,4.578834187408285e-5,0.001252193061499654,0.0039384279357337565,3.0457173928894957e-4
1844,1993-10-01,7.160488593581992e-8,1.8114835931395851e-6,4.645632573014426e-5,0.0012425641667663618,0.00388015884047922,2.965338489852146e-4
1845,1993-11-01,7.306394937000215e-8,1.846524127257735e-6,4.723294439345404e-5,0.0012341447092819773,0.003832862207162666,2.882929444994182e-4
1846,1993-12-01,7.49746572788539e-8,1.8921977055863993e-6,4.8080434844697224e-5,0.001225080520902345,0.003785264340698405,2.7976338709770495e-4
1847,1994-01-01,7.515448384975894e-8,1.9102357554841676e-6,4.917425279501363e-5,0.0012222158571451585,0.003731751412860571,2.7230567250857945e-4
1848,1994-02-01,7.246522960878401e-8,1.8562992568690543e-6,4.967106000162415e-5,0.0012182739436262312,0.003586065863460718,2.6355048961312867e-4
1849,1994-03-01,7.241050042005146e-8,1.841420574695288e-6,4.8838701399150175e-5,0.0012207722306810747,0.0034452040539401274,2.6093977297677977e-4
1850,1994-04-01,7.24398838489817e-8,1.8220121934464765e-6,4.7566837649894975e-5,0.0012252957332101,0.0033689298585400694,2.6264687272756877e-4
1851,1994-05-01,6.700937290812917e-8,1.6955460598444923e-6,4.494564313288864e-5,0.0012267081436580505,0.003565151841873211,2.657079732753521e-4
1852,1994-06-01,6.731050232144766e-8,1.6989513806747782e-6,4.418880627953774e-5,0.0012027960624203084,0.0037569062582679465,2.669795975228014e-4
1853,1994-07-01,6.843042428365795e-8,1.727173945382093e-6,4.442441760994633e-5,0.0011894705324695146,0.0037646403134832403,2.654178260557153e-4
1854,1994-08-01,6.934291534956458e-8,1.7538068054318873e-6,4.512307971732153e-5,0.0011789855988982557,0.0037143189897864536,2.6164633096958776e-4
1855,1994-09-01,7.077375408414076e-8,1.7904080883584022e-6,4.587769189375214e-5,0.0011697163198824204,0.0036414941510731886,2.558727392717071e-4
1856,1994-10-01,7.22658685547106e-8,1.8287847140318794e-6,4.671824543444121e-5,0.0011620566092195041,0.0035690145052255005,2.4890111476085094e-4
1857,1994-11-01,7.439405467751547e-8,1.8806731356130245e-6,4.7637595111470646e-5,0.0011534216376327664,0.0035024458526240173,2.4082109556247585e-4
1858,1994-12-01,7.687218911093753e-8,1.9413196421869824e-6,4.8774531057054835e-5,0.0011437947669243065,0.0034403356698884243,2.3197363768534936e-4
1859,1995-01-01,7.682885674519138e-8,1.9582735967423565e-6,5.016225934102916e-5,0.001141844542979394,0.0033923405659407537,2.2444068106864225e-4
1860,1995-02-01,7.419056913187284e-8,1.9074430446944654e-6,5.131679922813135e-5,0.0012080118389782202,0.003526945199073316,2.3507016586048408e-4
1861,1995-03-01,7.406993780969045e-8,1.8148627728519356e-6,5.014543885023863e-5,0.0012649861845606993,0.003578958278763397,2.5234877777264474e-4
1862,1995-04-01,6.88774888218769e-8,1.7533308702529166e-6,4.8211564293148094e-5,0.0013402559137887342,0.0037589285699249045,2.759058798768159e-4
1863,1995-05-01,6.702823868534841e-8,1.6957189616312096e-6,4.56137532156295e-5,0.0013480860749104657,0.004130452425407922,3.016278333560542e-4
1864,1995-06-01,6.739336661694132e-8,1.7019487961579087e-6,4.459395468409145e-5,0.001357494722755095,0.004398072736293597,3.2305381093201464e-4
1865,1995-07-01,6.794155465559398e-8,1.7157281869176343e-6,4.4695918566251936e-5,0.0013649508784538964,0.004514291959925979,3.3911252631720247e-4
1866,1995-08-01,6.871978241592072e-8,1.7373769743180096e-6,4.5143187565298354e-5,0.0013692985881852836,0.004542024026471048,3.4965204408485295e-4
1867,1995-09-01,6.91729724912053e-8,1.7503801470395396e-6,4.5639816799853836e-5,0.0013730189140675085,0.004535368864376483,3.563092492341318e-4
1868,1995-10-01,7.023037751700255e-8,1.7744840319771723e-6,4.601667688575547e-5,0.0013736662182470129,0.004510592774593179,3.5945652262169876e-4
1869,1995-11-01,7.142434993764415e-8,1.8031043866357882e-6,4.651968715265156e-5,0.0013714642508828405,0.004481282889404877,3.598056085237357e-4
1870,1995-12-01,7.350552599523988e-8,1.851576696346251e-6,4.721831507365713e-5,0.0013644799271028032,0.004438731935085083,3.5703165316682445e-4
1871,1996-01-01,7.384800497846976e-8,1.871089009967027e-6,4.8267228879363206e-5,0.0013608870177755001,0.0043971857172314995,3.534166440217033e-4
1872,1996-02-01,7.244920327261604e-8,1.8455591783554058e-6,4.925587099644888e-5,0.0014317285010057427,0.004614899673165666,3.7422825151118264e-4
1873,1996-03-01,7.086154425632656e-8,1.8095819104938499e-6,4.91356228973523e-5,0.001501535636461387,0.004755400270221841,3.997514514622743e-4
1874,1996-04-01,6.860746124449535e-8,1.742559836339607e-6,4.777256838793221e-5,0.0015691562197313103,0.004929808723071741,4.328646678782708e-4
1875,1996-05-01,6.692910685698274e-8,1.6925563285052563e-6,4.5444901776464524e-5,0.001601014086112573,0.005313886555528757,4.6693564410130915e-4
1876,1996-06-01,6.712859491774997e-8,1.693647580762874e-6,4.47016377090444e-5,0.0016265166675903532,0.00560142750842223,4.978057662087805e-4
1877,1996-07-01,6.808204385613699e-8,1.7182474371842038e-6,4.484890724065414e-5,0.00164527394530587,0.005740370352054486,5.220841901179473e-4
1878,1996-08-01,6.858640455361683e-8,1.7342007471360931e-6,4.539323797968896e-5,0.0016603237705521876,0.005805783452821051,5.404958537960016e-4
1879,1996-09-01,6.915604416509895e-8,1.7479450276712107e-6,4.58132774232671e-5,0.0016723152601048306,0.0058333192709806,5.540815015781111e-4
1880,1996-10-01,7.045963443742514e-8,1.7794335118987007e-6,4.622083358953778e-5,0.0016774620464242128,0.005831438092556749,5.622451043638642e-4
1881,1996-11-01,7.195140721411988e-8,1.8144631345210746e-6,4.684895363417074e-5,0.001677323001242569,0.005819211032263051,5.660867439095634e-4
1882,1996-12-01,7.38112509206909e-8,1.8595181901603339e-6,4.767290240080662e-5,0.0016722541415338805,0.005791197217073873,5.659439085182454e-4
1883,1997-01-01,7.439380367183726e-8,1.8844943723648624e-6,4.877358990804416e-5,0.0016693839174983668,0.005742540957606349,5.63918970351617e-4
1884,1997-02-01,7.304063800796234e-8,1.8679308517458982e-6,4.968776805676916e-5,0.001664227018747915,0.005567625235125543,5.56195718074411e-4
1885,1997-03-01,7.13510950325138e-8,1.8211317999747944e-6,4.952343730197846e-5,0.0016722590502337112,0.005425853856727913,5.558126991200244e-4
1886,1997-04-01,6.829216422509255e-8,1.7318844815080212e-6,4.720689378870327e-5,0.001691797486155125,0.0054466212200951734,5.62000578099028e-4
1887,1997-05-01,6.727353962406703e-8,1.7009394306005707e-6,4.5382642596945456e-5,0.0016748894468938001,0.005640698256493115,5.690259981640587e-4
1888,1997-06-01,6.71139871115475e-8,1.693938376796069e-6,4.474824891827923e-5,0.001667952420070859,0.005775610396584704,5.747157090910305e-4
1889,1997-07-01,6.814943738218047e-8,1.7194296559906759e-6,4.479711424919825e-5,0.001659227984550461,0.00579551284880146,5.759433778425914e-4
1890,1997-08-01,6.867558104006871e-8,1.7361180711343708e-6,4.53350032427265e-5,0.0016518572302375125,0.005765924669023146,5.741068189002911e-4
1891,1997-09-01,6.981803453757511e-8,1.7636248850422654e-6,4.585526580475092e-5,0.0016436204655522924,0.0057081720951286585,5.690758902070246e-4
1892,1997-10-01,7.203938805395059e-8,1.817945294845623e-6,4.658883664585773e-5,0.0016301606148109698,0.005625507238740156,5.596276859966066e-4
1893,1997-11-01,7.398139502790282e-8,1.8689598441006322e-6,4.772111586959023e-5,0.0016152271639729733,0.005547040168346958,5.474644287334807e-4
1894,1997-12-01,7.537624248396715e-8,1.9062023068151442e-6,4.889643389749166e-5,0.0016025134061848664,0.005481162658465532,5.348377546212509e-4
1895,1998-01-01,7.550743282490507e-8,1.921780397013805e-6,4.998523791085537e-5,0.0015963718346162508,0.005408252725777297,5.234127202882678e-4
1896,1998-02-01,7.253981929281322e-8,1.8608482427850379e-6,5.04322102823479e-5,0.0015888983436785767,0.005227351602995221,5.093154081113754e-4
1897,1998-03-01,6.927146793167721e-8,1.7752328646761305e-6,4.917560156960649e-5,0.001593157997245792,0.00498284231778251,5.038911761978476e-4
1898,1998-04-01,6.63590003868428e-8,1.6837598009554288e-6,4.651483990532272e-5,0.0016043956787599248,0.004873346493536734,5.087267479785143e-4
1899,1998-05-01,6.56444562587183e-8,1.6589968248638061e-6,4.448095351673884e-5,0.00160594417385002,0.0047897222322562764,5.161803692488204e-4
1900,1998-06-01,6.549801597756067e-8,1.6498876572762357e-6,4.3415053628246575e-5,0.0015981179646348443,0.004916290979572191,5.217433553867386e-4
1901,1998-07-01,6.618739110898705e-8,1.6673635735689645e-6,4.337493076120694e-5,0.0015792251834377614,0.005065760009868778,5.228031472567506e-4
1902,1998-08-01,6.655485497566922e-8,1.679728291315951e-6,4.3887499324414324e-5,0.0015674685158850819,0.0051275116168798774,5.208245309546275e-4
1903,1998-09-01,6.735357792604599e-8,1.6989571478096613e-6,4.430534923053614e-5,0.0015573489072895355,0.005138310634314901,5.162929692570382e-4
1904,1998-10-01,6.86071988846695e-8,1.7294544306513073e-6,4.480057264333803e-5,0.001546001098961565,0.005120259381664205,5.092361926354019e-4
1905,1998-11-01,6.991015403847716e-8,1.7613833615603289e-6,4.5467643259302355e-5,0.001534482002858918,0.0050926345734457175,5.005419021730561e-4
1906,1998-12-01,7.068878374424023e-8,1.7814624056794546e-6,4.616191032524196e-5,0.0015255652446021682,0.005066876077433703,4.918917426378467e-4
1907,1999-01-01,7.071589435106958e-8,1.7871146592274522e-6,4.675469912676322e-5,0.0015228645349866033,0.005020955502418478,4.8452294291965336e-4
1908,1999-02-01,7.017363986133238e-8,1.7792627308767564e-6,4.7079085389065326e-5,0.0014905083800643838,0.004728779000860647,4.632697868698564e-4
1909,1999-03-01,6.859520151494278e-8,1.7407249118448003e-6,4.65469001743298e-5,0.0014684126291080709,0.004430122386698802,4.472476556336262e-4
1910,1999-04-01,6.692341596465513e-8,1.6934279912282141e-6,4.5414078907236474e-5,0.0014566039211121348,0.004237717730309688,4.3711981756351166e-4
1911,1999-05-01,6.650524535625725e-8,1.678319431120766e-6,4.428690685183333e-5,0.0014401122409890624,0.004125291868967839,4.294319957844422e-4
1912,1999-06-01,6.605246463721971e-8,1.664891168648971e-6,4.350276953672778e-5,0.0014191601175478892,0.004253712025589427,4.218931496821399e-4
1913,1999-07-01,6.68896043045222e-8,1.6872649526597693e-6,4.37321354679397e-5,0.0013985398465046265,0.004339802772047615,4.1298489508047467e-4
1914,1999-08-01,6.744737961680707e-8,1.7037653701045538e-6,4.429393129397927e-5,0.0013843408091289064,0.004366135282350611,4.0363644802358196e-4
1915,1999-09-01,6.804374811382047e-8,1.7191414696166162e-6,4.4756555936715327e-5,0.0013741455926113938,0.004364826007637553,3.9437006180194605e-4
1916,1999-10-01,6.90589564776489e-8,1.7436111990951159e-6,4.5170939412357294e-5,0.0013648822053988529,0.00434783724074607,3.8502062512449717e-4
1917,1999-11-01,7.080493535090385e-8,1.7842105394621278e-6,4.574751564832438e-5,0.0013538175322808856,0.004318494377273668,3.7502229121014923e-4
1918,1999-12-01,7.212247684405466e-8,1.817772275789881e-6,4.658969335337194e-5,0.0013442835643742946,0.004286422515278626,3.652859396003339e-4
1919,2000-01-01,7.258552562225369e-8,1.8359242770873083e-6,4.747301567810704e-5,0.0013396653055724348,0.004243742406639858,3.566272221357461e-4
1920,2000-02-01,7.176143192384972e-8,1.8240579171321877e-6,4.8639612468449234e-5,0.0014482095726495682,0.004582624391975051,3.8710640259884436e-4
1921,2000-03-01,7.689569838952885e-8,1.8114006084005411e-6,4.831148978729436e-5,0.0015442466622604064,0.004799916641204053,4.251468016337293e-4
1922,2000-04-01,7.48194815603e-8,1.7520563748327124e-6,4.679602554540953e-5,0.0016285184613970315,0.005032633220389113,4.7116406258697726e-4
1923,2000-05-01,6.863470588346461e-8,1.7340804888207222e-6,4.669884405669912e-5,0.001711514898119748,0.005284711694578301,5.201227788650235e-4
1924,2000-06-01,6.679465900510323e-8,1.6854883659916643e-6,4.460704120127641e-5,0.001746143800031556,0.005898760855334717,5.661945526204235e-4
1925,2000-07-01,6.724044680136572e-8,1.697895836020298e-6,4.468047977599883e-5,0.001784354241982072,0.006235445819402356,6.063298985252771e-4
1926,2000-08-01,6.780305983011454e-8,1.7125681200717953e-6,4.501719941119711e-5,0.0018163821003763536,0.0064177546405409834,6.398474673536478e-4
1927,2000-09-01,6.830603574505402e-8,1.7256023579348258e-6,4.5371607649863894e-5,0.0018422226184040998,0.006529560008796972,6.671616855873583e-4
1928,2000-10-01,6.935008827906842e-8,1.7492516013260431e-06,4.570221850783788e-5,0.0018602433213339834,0.006596445706380844,6.881064015777685e-4
1929,2000-11-01,7.092214447765669e-8,1.78674834446649e-6,4.623346567657208e-5,0.0018689987462849995,0.006631541955696065,7.024764987309082e-4
1930,2000-12-01,7.240927807186233e-8,1.82277662849503e-6,4.7019814817418905e-5,0.0018718839516791393,0.006646167891371059,7.117711765654603e-4
1931,2001-01-01,7.257927614381578e-8,1.8365209956039622e-6,4.79273068248543e-5,0.0018759049416846453,0.006642370253487297,7.184747704040769e-4
1932,2001-02-01,7.15073050538732e-8,1.8210120472099507e-6,4.8814938421763884e-5,0.001958991842307721,0.006878597823572732,7.585704498414187e-4
1933,2001-03-01,6.879588394771917e-8,1.750516702716614e-6,4.819307335735785e-5,0.0020394799037536946,0.007003365566491558,8.073170682290485e-4
1934,2001-04-01,6.694012417127675e-8,1.6971609429484954e-6,4.655128697321334e-5,0.0021136576421811023,0.007162431556139345,8.631837438473479e-4
1935,2001-05-01,6.675874925483553e-8,1.685168985525442e-6,4.526766388823921e-5,0.0021797813506123248,0.00744465397118045,9.20620518892416e-4
1936,2001-06-01,6.647682242496864e-8,1.6766440865444484e-6,4.451061383787471e-5,0.0022211040171367475,0.007846403344438889,9.742006432074459e-4
1937,2001-07-01,6.717351428540501e-8,1.6938570792160438e-6,4.4580993692205834e-5,0.0022582180208921858,0.008124715522715159,0.0010202891513138939
1938,2001-08-01,6.776612787558155e-8,1.710648059895718e-6,4.499668650264039e-5,0.002289007460957319,0.008307750654331317,0.0010586034781858455
1939,2001-09-01,6.775766688081556e-8,1.7120644469527436e-6,4.5350353995709446e-5,0.002317317630245655,0.008444143949550682,0.001091612771613292
1940,2001-10-01,6.884987113702463e-8,1.7351425127931555e-6,4.5493697374162716e-5,0.0023370055245632813,0.008534827062195598,0.0011176228151007267
1941,2001-11-01,7.041871646596235e-8,1.7719539868484628e-6,4.593411806233042e-5,0.0023461575825084085,0.008596035345426259,0.0011363026327919266
1942,2001-12-01,7.215946894218092e-8,1.8149585452676712e-6,4.6740576777585826e-5,0.002346613597334586,0.00862930855737885,0.0011480058195107808
1943,2002-01-01,7.228763826123214e-8,1.8268630521281278e-6,4.771467740578994e-5,0.002348305382951935,0.008650367367430183,0.0011571118997360781
1944,2002-02-01,7.1195533041373e-8,1.8114552025298105e-6,4.832919235035474e-5,0.002357737624450561,0.008634521329586196,0.0011663213789743145
1945,2002-03-01,6.957928120569663e-8,1.7682717293628964e-6,4.813692548134984e-5,0.0023815466543606733,0.008590074804198272,0.001182238389813535
1946,2002-04-01,7.432931018277108e-8,1.769374660069844e-6,4.679651526711949e-5,0.0024044651088815975,0.008510550755598876,0.0012042206208263749
1947,2002-05-01,6.634201146459647e-8,1.6756126093713265e-6,4.516372508367996e-5,0.0024192487820750086,0.008800590397681633,0.0012284478355693881
1948,2002-06-01,6.685062799083984e-8,1.6853339361166572e-6,4.450271299380283e-5,0.002421081869302215,0.009037732354320784,0.0012480965777977816
1949,2002-07-01,6.754922177164814e-8,1.703938151744282e-6,4.4722859872756545e-5,0.0024237803366686434,0.009125478112071924,0.001261810696038109
1950,2002-08-01,6.785740559011484e-8,1.713106048054259e-6,4.514606190251012e-5,0.0024273838351938156,0.009150284288614342,0.001271198831812829
1951,2002-09-01,6.834655373844517e-8,1.7252668689522036e-6,4.543247488333888e-5,0.00242979221642377,0.009141571970596207,0.0012763808881666688
1952,2002-10-01,6.968335060951206e-8,1.7559469818768032e-6,4.5753713928477914e-5,0.002426157825608904,0.009107783749258993,0.0012761069337115449
1953,2002-11-01,7.158452933814046e-8,1.8017156257446367e-6,4.6406855814568886e-5,0.0024146601435148327,0.009058030877101879,0.001269918777063037
1954,2002-12-01,7.287474314685658e-8,1.8358454386632733e-6,4.735486960139075e-5,0.0024007401819657794,0.009008236040786374,0.001260892831954312
1955,2003-01-01,7.273133743125107e-8,1.8417488912761474e-6,4.826402907096429e-5,0.0023919381449522548,0.008956939924618391,0.001252500512890448
1956,2003-02-01,7.163139896604436e-8,1.8259351567656746e-6,4.888453290173544e-5,0.0024161121049641604,0.008948268858131799,0.0012599594198401962
1957,2003-03-01,7.577945861858233e-8,1.792698882284073e-6,4.821496278261285e-5,0.0024505272963827912,0.008874282118762908,0.0012791573423662414
1958,2003-04-01,6.883395826678443e-8,1.743791099451527e-6,4.794380928544921e-5,0.002496182068392878,0.008892685943194551,0.0013080699710294992
1959,2003-05-01,6.586702361285038e-8,1.6619792394090717e-6,4.471229240886555e-5,0.00251684882350085,0.009293823356390429,0.001339656865681081
1960,2003-06-01,6.593755295059098e-8,1.6619016592865503e-6,4.4093877689881744e-5,0.002532476663447205,0.009587692539521535,0.0013682699507599977
1961,2003-07-01,6.635809740628017e-8,1.672302717635194e-6,4.412690982511609e-5,0.002546947372614684,0.009725684008251434,0.0013915580848481044
1962,2003-08-01,6.698372781040595e-8,1.688816031502484e-6,4.442869970272283e-5,0.0025576116936432795,0.009776954792418857,0.0014087225053764545
1963,2003-09-01,6.747017682382715e-8,1.7014098846228727e-6,4.479739036800811e-5,0.00256555678554853,0.009788360046181829,0.0014208567451385995
1964,2003-10-01,6.859816127364574e-8,1.728001783677032e-6,4.51532569517162e-5,0.0025673635311431083,0.009770948349629244,0.001427131286991695
1965,2003-11-01,7.016984197426277e-8,1.764611462072173e-6,4.570391847200399e-5,0.0025617535880629503,0.009740277547727117,0.001427684592182794
1966,2003-12-01,7.167991625377855e-8,1.8016052773531984e-6,4.648704622129728e-5,0.0025510176240314017,0.00970057103381503,0.0014238770284236727
1967,2004-01-01,7.216311860584198e-8,1.8223615095704358e-6,4.743205807824157e-5,0.002540681759574285,0.009649283589525048,0.0014179329864718255
1968,2004-02-01,7.08633623041648e-8,1.7994592850428125e-6,4.830580850496728e-5,0.0026446856841243396,0.010041798305479124,0.0014826125131553029
1969,2004-03-01,6.869235690796094e-8,1.7453552258866804e-6,4.786571369473167e-5,0.0027524484246401913,0.010442155319581729,0.0015586165277736122
1970,2004-04-01,6.696278117760778e-8,1.6948527698831644e-6,4.650537010279957e-5,0.0028597592391674254,0.01085027770311341,0.0016467026878719433
1971,2004-05-01,6.601581612944194e-8,1.6665034055445033e-6,4.50036266884838e-5,0.0029489954261505426,0.011358484914279661,0.0017393318023712838
1972,2004-06-01,6.622288950163587e-8,1.6679094065420348e-6,4.435001920000599e-5,0.003028225671724758,0.011826996928780729,0.0018297842833595777
1973,2004-07-01,6.691677449444441e-8,1.685653251826936e-6,4.441708115377493e-5,0.0030978382444285285,0.012176429516694497,0.0019130490422203292
1974,2004-08-01,6.762686666521816e-8,1.7046676318120962e-6,4.481856905629633e-5,0.0031578500955699476,0.012437088150584242,0.001987483245115267
1975,2004-09-01,6.844364835303463e-8,1.7253790047364097e-6,4.526300220923458e-5,0.0032085102684120724,0.012633641604349424,0.0020529171156908315
1976,2004-10-01,6.994718279587141e-8,1.7618659137718439e-6,4.577209877713765e-5,0.003245895268755186,0.01277454595063753,0.0021071948904457004
1977,2004-11-01,7.151188830991955e-8,1.7988321706782092e-6,4.645094981422832e-5,0.0032711407465248112,0.012893041670841607,0.0021523854853270383
1978,2004-12-01,7.335008960941822e-8,1.843048956672866e-6,4.726211150576091e-5,0.0032841559037905177,0.012983211292550334,0.002188601595806199
1979,2005-01-01,7.365236886053203e-8,1.8618515983180267e-6,4.8290463389160404e-5,0.0032938906129092813,0.01305246194901632,0.0022202729463686077
1980,2005-02-01,7.200612515772183e-8,1.8322607842398226e-6,4.8957674993529555e-5,0.0033165613550942053,0.01312844868684026,0.002257175641163625
1981,2005-03-01,6.907383615220391e-8,1.757824263446393e-6,4.838543398397031e-5,0.0033567734040057364,0.013234275016423451,0.0023056352660618135
1982,2005-04-01,6.742542503520887e-8,1.7110961077412374e-6,4.6874389042800456e-5,0.0034032742928703187,0.013335188382571635,0.0023617113043435628
1983,2005-05-01,6.587406969319903e-8,1.6620102413931426e-6,4.508382824036561e-5,0.003439068326369025,0.013622343209005301,0.0024233480239823696
1984,2005-06-01,6.639296773424183e-8,1.6720774037036113e-6,4.423881626636774e-5,0.0034674081819988695,0.013854484091494097,0.0024782368446218503
1985,2005-07-01,6.698620627966387e-8,1.6864987876251506e-6,4.433739641347536e-5,0.003490761510771808,0.013996315332227897,0.0025251688533931027
1986,2005-08-01,6.754926648612475e-8,1.7029244167869386e-6,4.4715737304140235e-5,0.0035092164992133763,0.014074713445531845,0.0025631284974462314
1987,2005-09-01,6.777226710599624e-8,1.7089068007743518e-6,4.5055366829123936e-5,0.003525767764016481,0.014121656228301872,0.0025947728561130064
1988,2005-10-01,6.906676185629184e-8,1.7377641520072882e-6,4.52711932267703e-5,0.003532907707592371,0.014136089575489475,0.0026175278923436765
1989,2005-11-01,7.066366600222973e-8,1.7755739006750268e-6,4.579967403236332e-5,0.0035296374845871664,0.014131007047690245,0.0026316411547960164
1990,2005-12-01,7.217787593243155e-8,1.8124086192281081e-6,4.657906576911843e-5,0.0035189848584849,0.014112096602650323,0.002639021689945613
1991,2006-01-01,7.238216316928388e-8,1.8283235487658808e-6,4.750544848490067e-5,0.003508179853780223,0.014081268303347893,0.002642951707683943
1992,2006-02-01,7.022716603953374e-8,1.78532313567852e-6,4.801472220549741e-5,0.0034931273810646776,0.01394368078083564,0.0026351661000559535
1993,2006-03-01,6.973955054769481e-8,1.7675373287477074e-6,4.7784059829168457e-5,0.003494439107082115,0.013730613929322948,0.002638322896472728
1994,2006-04-01,6.710717568400292e-8,1.695086889639153e-6,4.58594521614516e-5,0.0035078971050845533,0.013713955382505078,0.002648403961544873
1995,2006-05-01,6.6647223532424e-8,1.6797319618953886e-6,4.470654427025769e-5,0.003492955276727453,0.013876237991279135,0.0026580235147092316
1996,2006-06-01,6.694301521055036e-8,1.6865489382310777e-6,4.447926519259722e-5,0.003486108873692085,0.013956414902344564,0.0026637149382274087
1997,2006-07-01,6.77818964922196e-8,1.7080007950313057e-6,4.469516115420103e-5,0.0034754640685720523,0.013965895575648363,0.002662404672659856
1998,2006-08-01,6.822985914301794e-8,1.7204971536154156e-6,4.5139783994550116e-5,0.0034654433176234474,0.013934664779884212,0.0026566404773430584
1999,2006-09-01,6.892754948511072e-8,1.7382289470971424e-6,4.551126535240444e-5,0.0034543024450032814,0.013873698786130465,0.0026460508263814676
2000,2006-10-01,7.058254774931712e-8,1.7773768681942914e-6,4.5953753019435454e-5,0.00343587216454179,0.013784760793263764,0.0026282817072780565
2001,2006-11-01,7.217977354051548e-8,1.816273248930389e-6,4.669080771528605e-5,0.003412139919461566,0.013691436501718396,0.0026056318457426805
2002,2006-12-01,7.448755078095659e-8,1.8712460756725087e-6,4.758874823463363e-5,0.0033801815078346254,0.013583908052189992,0.002576981649196434
2003,2007-01-01,7.472062900553524e-8,1.8920027832357592e-6,4.881380454704779e-5,0.0033515641448864384,0.013479359671625411,0.0025484192736829514
2004,2007-02-01,7.162230743115836e-8,1.8288283644785318e-6,4.9604642068557164e-5,0.003386255709024554,0.013566439984969526,0.0025650400990605733
2005,2007-03-01,7.024844084497322e-8,1.7878191582354206e-6,4.905659595317652e-5,0.0034376447623732874,0.013574432867171927,0.0025987256984199934
2006,2007-04-01,6.690950540742494e-8,1.6917151139073314e-6,4.642647220163072e-5,0.003502203668272452,0.013779503862731204,0.002646773431526027
2007,2007-05-01,6.646605467448208e-8,1.6765082173754914e-6,4.485492447711272e-5,0.003535359366245031,0.01408463944326786,0.00269674833225997
2008,2007-06-01,6.619312336582004e-8,1.6673076244887383e-6,4.430445598936571e-5,0.003570517457911658,0.014398082866817385,0.0027456019676601025
2009,2007-07-01,6.709238100894379e-8,1.689132303225304e-6,4.429197492887224e-5,0.003599146103761794,0.01458655139134267,0.0027860651888764287
2010,2007-08-01,6.731544606903723e-8,1.6969269291042636e-6,4.468196105455356e-5,0.003624933602056739,0.014703625270626247,0.0028207743927481906
2011,2007-09-01,6.746241104222501e-8,1.701162198495041e-6,4.491969802562154e-5,0.003648495026195256,0.014778988418741461,0.0028505872681372194
2012,2007-10-01,6.823322323246011e-8,1.71748005726532e-6,4.50269356185267e-5,0.00366527648122617,0.014824019450486127,0.002874557513700922
2013,2007-11-01,6.987145408808375e-8,1.7540060550030935e-6,4.533418814339138e-5,0.003669933965221383,0.0148418581080332,0.0028904935353618703
2014,2007-12-01,7.142352582289299e-8,1.7930457854005826e-6,4.6056428264438555e-5,0.0036646432310892614,0.01483733141730385,0.0028992611114253266
2015,2008-01-01,7.174532966196974e-8,1.809322086556081e-6,4.699302551176368e-5,0.0036589729719030354,0.014812632314890828,0.0029052170642772475
2016,2008-02-01,7.07037612331606e-8,1.7919592638727958e-6,4.763489581575388e-5,0.003662083361956061,0.014730925157765591,0.0029115374242717294
2017,2008-03-01,7.356943814457785e-8,1.8222801901741663e-6,4.740041125250709e-5,0.0036753612634022833,0.014551193816165828,0.0029269141106201403
2018,2008-04-01,6.892670821543155e-8,1.742491291281247e-6,4.725112537560991e-5,0.0037093075466445914,0.014467231926547586,0.0029507212620684077
2019,2008-05-01,6.717252058755083e-8,1.6928068008834694e-6,4.4989973771677793e-5,0.003710162798800952,0.014739624848708052,0.00297385711675167
2020,2008-06-01,6.682926627319791e-8,1.685765232386507e-6,4.466394443050971e-5,0.0037133917145847576,0.014992595332006978,0.002994959150505891
2021,2008-07-01,6.737069583273148e-8,1.69716004454906e-6,4.464391478575449e-5,0.0037181343708447764,0.015110304992273657,0.003010764364907563
2022,2008-08-01,6.786413477359032e-8,1.7117774669732403e-6,4.4913451382038485e-5,0.0037201218056433375,0.015150988269829543,0.003020504182320974
2023,2008-09-01,6.809493019511494e-8,1.7177060464161261e-6,4.5219532696203204e-5,0.0037226465789183386,0.015157065215807647,0.0030267908779082493
2024,2008-10-01,6.88586752819642e-8,1.7339138951343571e-6,4.5383899962384925e-5,0.0037217812766043496,0.015140589558420079,0.003028980564716179
2025,2008-11-01,7.067766661772785e-8,1.7745993722617878e-6,4.571736371433519e-5,0.0037103043285138847,0.015098277671739381,0.003023959490976197
2026,2008-12-01,7.234843746431521e-8,1.8158045358512913e-6,4.6489025312437945e-5,0.0036911664276525853,0.015039056336382887,0.0030133439739370464
2027,2009-01-01,7.28911281443583e-8,1.8394362969519012e-6,4.752307848794436e-5,0.0036720865943127585,0.014958813971510533,0.0030000831602610156
2028,2009-02-01,7.15666080267952e-8,1.8188617657422577e-6,4.7686913158112016e-5,0.0032971489511196246,0.01323240731211998,0.002656614834914345
2029,2009-03-01,7.240735718045635e-8,1.8295189626331385e-6,4.7728095674449037e-5,0.0030130028668490924,0.011697436028213371,0.0023644472884863654
2030,2009-04-01,7.047470581429366e-8,1.7719948882233607e-6,4.626270314644354e-5,0.002791834358349161,0.010464398037834383,0.002116430879442445
2031,2009-05-01,6.660600256355545e-8,1.6807527116233935e-6,4.460339008604878e-5,0.002610911103389902,0.009744668403050945,0.0019019764246295714
2032,2009-06-01,6.727264444242803e-8,1.696365006650025e-6,4.4237053926435844e-5,0.0024475042399139477,0.00919955351061001,0.0017135715026233113
2033,2009-07-01,6.8214164096847e-8,1.7213220478602248e-6,4.468140672052312e-5,0.002316343946554299,0.008683384974143683,0.0015484084742889124
2034,2009-08-01,6.853235345643469e-8,1.7332605386012504e-6,4.531351915244726e-5,0.0022130141394650434,0.008234008083039113,0.0014058016388388346
2035,2009-09-01,6.903065772106393e-8,1.7446655724935282e-6,4.569563175156884e-5,0.0021315614934167377,0.007854970626116365,0.0012837554497235422
2036,2009-10-01,7.051020068297743e-8,1.7796678491682741e-6,4.6073604018421296e-5,0.0020619899496032647,0.007528313093338289,0.0011777348157457073
2037,2009-11-01,7.232932825263892e-8,1.8241420991210812e-6,4.6809337239706706e-5,0.0020010357408471896,0.007252823073431243,0.001085231563759795
2038,2009-12-01,7.410192208279569e-8,1.8675882972723996e-6,4.778279279892663e-5,0.0019485154680692546,0.007023336795806897,0.0010051030527956646
2039,2010-01-01,7.443577945929496e-8,1.8900517996593839e-6,4.894179692572633e-5,0.001907763953385497,0.006826198102129559,9.368635467273623e-4
2040,2010-02-01,7.222925589591427e-8,1.8484223256836496e-6,4.945130922401979e-5,0.0018375906958423799,0.006461247499170504,8.545550664697513e-4
2041,2010-03-01,6.975878850927468e-8,1.7841134113174743e-6,4.899783176177076e-5,0.0018026225201276589,0.006117551743665745,7.940080158240466e-4
2042,2010-04-01,6.701993961434051e-8,1.7023029226449442e-6,4.6762046357821604e-5,0.0017789628359094441,0.00583255851484193,7.528117168875485e-4
2043,2010-05-01,6.616260248973172e-8,1.6689949913273905e-6,4.457369084755823e-5,0.0017617283043665944,0.005759868186377099,7.222487075951717e-4
2044,2010-06-01,6.623706791248235e-8,1.6704866174702915e-6,4.376778310236248e-5,0.001722616420157057,0.005850146821186412,6.954495868826545e-4
2045,2010-07-01,6.637241172682873e-8,1.6751908706131095e-6,4.396890295560487e-5,0.0016985858372389185,0.00585090496042402,6.718561202027089e-4
2046,2010-08-01,6.647756693270651e-8,1.6789334520808041e-6,4.418431756373822e-5,0.0016813966596066381,0.005805298747375077,6.510505402606311e-4
2047,2010-09-01,6.702589935552579e-8,1.6916277070316389e-6,4.434039227092342e-5,0.001666441190099492,0.0057428261609144965,6.32114272143095e-4
2048,2010-10-01,6.803172960420399e-8,1.7154369540125515e-6,4.4651060433741714e-5,0.001651218094334892,0.0056744347009958515,6.14160552419605e-4
2049,2010-11-01,6.912243326624422e-8,1.740649837806542e-6,4.513960192485248e-5,0.0016365826409947513,0.005611708683355388,5.973977301854448e-4
2050,2010-12-01,7.013402109507202e-8,1.764542383241332e-6,4.570184732975483e-5,0.0016234804397097387,0.0055533812713633324,5.820825954798578e-4
